,0,1,2,3,4
0,6495.677,707.33325,-364.91986,-22.114666,1.52
1,1437.3568,155.25699,-74.4111,-17.271437,2.19
2,9003.011,240.7637,-125.016754,-78.94765,1.44
3,1942.7437,153.92247,-70.27007,-45.011265,2.02
4,17121.7,272.77316,-130.62921,-60.641556,2.17
5,92.84573,217.72835,-99.83712,-56.112007,2.36
6,10963.468,355.57336,-167.33896,-79.31329,1.43
7,10519829.0,851.2236,-378.11893,-174.65244,0.27
8,317019.97,267.31467,-137.04321,-2.9867537,1.02
9,483.59424,69.51104,-30.48069,-25.15585,1.58
10,53567.055,342.61655,-197.51494,-197.51494,2.18
11,13517.448,197.5886,-128.7204,-12.183188,0.52
12,28058.027,268.99652,-158.66351,-18.65501,1.86
13,58043.254,97.57821,-62.67733,-62.67733,2.19
14,7114802.5,317.50775,-256.90582,-11.5891075,1.13
15,7790.352,187.42131,-99.86306,-25.301073,2.23
16,4188.5044,458.28473,-248.2717,-126.1454,1.93
17,957542.3,115.803986,-50.55043,-7.707688,1.39
18,4619.4883,161.2115,-102.92532,-102.92532,2.14
19,188012.84,218.30174,-72.206276,-27.615484,2.2
20,383847.84,97.536644,-38.24413,-7.1405926,1.92
21,110397.68,294.06598,-176.68118,-84.393745,1.21
22,2907.5627,185.44035,-78.94766,-30.023283,1.46
23,737.0557,284.76923,-131.09386,-1.412929,2.09
24,316978.66,281.77176,-90.84992,-80.82371,2.12
25,32308.129,234.45816,-102.26569,-83.90467,2.18
26,40700.082,353.78754,-210.23225,-6.702412,1.97
27,115.610214,112.914246,-61.26159,-14.60036,2.37
28,1033.8093,316.54785,-152.35483,-98.38518,2.45
29,1163.6904,141.30211,-70.39617,-32.388996,1.53
30,103.70664,152.84387,-72.0133,-68.49935,2.09
31,113.69848,232.5717,-137.7804,-137.7804,2.27
32,702.9901,86.61931,-48.414303,-16.016502,2.29
33,537.2587,176.4092,-69.472755,-41.143353,2.06
34,8071.9546,278.43127,-147.45361,-147.45361,2.18
35,33914.06,324.3953,-176.69777,-176.69777,2.22
36,569.82684,279.4397,-145.43768,-145.43768,2.33
37,37867.54,214.87231,-84.93627,-14.009005,0.85
38,23.66592,164.83923,-75.346344,-71.10433,2.17
39,16904.812,295.68665,-167.93839,-10.877121,2.03
40,2224.49,182.7714,-92.76121,-92.76121,2.13
41,729502.4,334.42114,-136.61467,-65.06369,1.26
42,285.24652,102.12604,-51.793762,-14.002554,1.62
43,431.64868,250.43515,-118.70595,-92.06586,2.25
44,10385.296,301.3947,-153.00327,-65.767265,2.03
45,631972.2,258.1353,-170.40677,-170.40677,2.2
46,14447.45,160.14313,-91.84435,-46.18102,1.28
47,2211.212,206.28102,-116.54975,-90.51169,2.2
48,181.68404,106.94319,-49.95578,-0.26299936,2.35
49,2844.9402,136.16794,-61.05552,-31.886564,1.19
50,42347020.0,895.30164,-321.06064,-12.979464,0.62
51,34.754036,176.35359,-81.42469,-32.06675,2.26
52,8451.051,153.93228,-100.300095,-61.945107,2.06
53,21353.365,233.51245,-100.7931,-100.7931,2.13
54,20115.166,237.00984,-110.497734,-110.497734,2.04
55,2294.6465,323.71317,-168.94647,-135.66872,2.47
56,290894.72,222.32147,-73.00302,-2.9558895,1.48
57,71440.82,281.95642,-134.01306,-87.96058,2.26
58,181.56462,119.87726,-58.065716,-20.534903,1.99
59,200.3454,112.58412,-53.318066,-6.138983,1.58
60,20.457521,151.83183,-69.70394,-53.37559,2.19
61,10295.849,401.5293,-203.40381,-203.40381,2.47
62,20692.57,183.25233,-74.08362,-62.35322,1.94
63,89.430084,236.91414,-138.03616,-138.03616,2.28
64,1185717.4,122.87214,-69.6333,-12.133075,2.17
65,5174.498,90.698975,-52.87661,-5.85143,2.0
66,499.76807,328.95755,-156.46204,-82.71164,2.24
67,2826.9316,172.74492,-71.0048,-43.47468,2.15
68,563.8061,238.51392,-143.98984,-143.98984,2.2
69,551.25867,157.65515,-83.19675,-38.341507,2.08
70,388.29266,106.67667,-53.29558,-11.296489,1.54
71,1464.777,234.06752,-119.4776,-12.373637,1.39
72,1041.4011,212.81024,-119.17108,-119.17108,2.2
73,6057.5117,164.08961,-77.73139,-77.73139,2.1
74,21798.17,253.66768,-124.02489,-124.02489,2.06
75,3168.4395,99.972336,-49.945038,-20.712448,2.22
76,10729425.0,2069.2676,-856.9057,-698.34814,0.12
77,7105.1587,196.28056,-104.95507,-68.104126,2.14
78,334.8204,78.445755,-40.974236,-2.7341464,2.18
79,40.99708,183.68271,-83.99789,-19.888617,1.69
80,358.70627,51.280987,-22.376904,-1.2507184,2.1
81,19256.67,212.09328,-110.04635,-50.48537,1.28
82,4165617.5,709.05316,-279.90277,-76.43896,0.81
83,19.439499,168.64761,-87.84975,-68.66868,2.28
84,126.38486,107.65177,-49.836834,-39.70501,2.08
85,570.5264,105.48904,-52.60102,-41.03407,2.18
86,13163.96,313.83728,-106.362,-106.362,2.49
87,24216.945,305.38223,-134.45831,-5.0831237,2.06
88,646994.25,231.45462,-130.0798,-101.88211,2.23
89,8764.869,251.70284,-127.88795,-99.23013,2.1
90,149798.77,249.7527,-91.61127,-46.711857,1.46
91,275.42422,118.08482,-59.342094,-34.625435,1.6
92,493.82294,194.33582,-89.49047,-47.78224,2.23
93,482.918,59.835423,-26.708311,-5.5909734,2.01
94,90.12262,219.35161,-97.365616,-86.55409,2.01
95,44.99244,179.25021,-77.71009,-49.63884,2.41
96,297.6311,104.8828,-49.363224,-23.064648,1.5
97,21919.682,228.05577,-108.15564,-40.25205,1.7
98,994.315,252.98103,-124.93544,-18.285637,1.63
99,57120.69,203.0726,-65.40865,-35.269737,1.52
100,8424.756,173.72203,-65.72281,-10.621185,1.96
101,1092831.1,246.26187,-78.31057,-56.149002,1.15
102,1228.5801,121.552055,-59.61994,-30.536,1.32
103,200669.33,336.2311,-196.63637,-64.62102,1.39
104,14582.797,223.51904,-97.043335,-62.70395,2.07
105,8970.565,162.41595,-56.390316,-21.026264,2.07
106,1095.3105,192.34297,-85.20225,-80.39013,2.16
107,48435660.0,1415.1437,-509.2129,-138.67596,0.27
108,221910370.0,2366.6482,-636.2702,-545.3764,0.53
109,9055.34,204.30711,-91.517624,-91.517624,2.19
110,26.712082,175.24266,-81.3447,-55.500046,2.1
111,1054.4856,68.323746,-33.89707,-2.7992303,2.22
112,2976.0227,175.4161,-101.11928,-13.845313,2.24
113,31973.418,481.43314,-231.50183,-53.76012,1.72
114,6644.386,369.33456,-170.43344,-21.127674,2.28
115,141993.83,227.93124,-159.76439,-116.87974,2.0
116,312161.88,273.65686,-130.33377,-22.99953,2.24
117,1442706.5,355.46442,-117.10286,-70.29694,1.31
118,2591.0159,91.223976,-40.21987,-36.718964,1.48
119,23516.793,282.44217,-157.19536,-140.9833,2.09
120,6682.5146,232.9938,-99.05679,-16.50263,1.45
121,1384.874,152.27287,-71.92085,-60.2914,2.19
122,2484.0537,224.6861,-129.42497,-129.42497,2.09
123,2864.7036,321.5495,-160.9594,-145.6443,1.74
124,1095.1753,116.457565,-68.948265,-30.645212,2.12
125,545855.94,139.94974,-89.95823,-18.974667,1.54
126,11883.773,358.69843,-158.11787,-93.07826,2.09
127,1542.1854,148.3071,-81.01529,-36.977806,1.39
128,83789.195,209.28362,-80.228676,-49.9092,2.1
129,802.31165,72.667336,-35.277756,-18.403585,2.29
130,976931.3,277.10178,-154.85208,-99.25856,2.28
131,18.875202,162.72302,-83.11373,-72.5084,2.0
132,20.581606,159.83554,-76.69548,-71.95951,2.33
133,2003.88,315.02454,-207.60478,-207.60478,2.3
134,50573.73,273.43707,-134.0163,-33.368187,1.43
135,667.25073,128.9885,-75.19592,-36.68246,2.17
136,1352.6844,255.48172,-109.73818,-45.605732,2.37
137,38950.8,217.73889,-140.06854,-36.92502,1.54
138,9507.377,258.7714,-145.83012,-145.83012,2.05
139,8124.644,252.97586,-128.47548,-128.47548,2.16
140,10740.506,188.43512,-112.72995,-36.12706,2.33
141,22.015476,165.95285,-81.96997,-45.29692,2.24
142,1178.645,84.72471,-40.38478,-11.384923,1.89
143,626443.9,493.5801,-209.64223,-36.160015,1.43
144,1790831.4,248.43394,-102.55287,-16.82867,1.35
145,1270.7797,80.9512,-45.144222,-3.0280404,2.1
146,904.00214,94.44218,-46.341957,-46.341957,2.07
147,723.6356,215.9758,-124.680504,-45.536697,1.86
148,13075.194,225.16437,-68.9246,-48.677708,2.2
149,4136.5884,168.41772,-90.08243,-35.08835,2.18
150,4542.774,177.9086,-78.65563,-74.59801,2.05
151,3559.0344,182.11314,-75.900154,-58.32843,1.88
152,3185235.0,883.6064,-431.94302,-110.8337,1.07
153,524721.5,274.50006,-150.32231,-150.32231,2.16
154,13726.879,278.51685,-116.73378,-101.27387,2.08
155,15046.838,275.43896,-171.99551,-16.527197,1.54
156,4461405.0,272.87915,-89.910416,-31.06713,1.3
157,907.49927,165.51463,-81.93081,-13.494673,1.95
158,399.87006,255.27824,-133.22328,-133.22328,2.05
159,43613.848,222.41402,-136.41855,-12.501901,0.9
160,6517.294,247.37976,-125.27446,-125.27446,2.12
161,1272.6614,92.16569,-39.446487,-1.0709863,2.16
162,203341.58,297.93793,-152.53874,-81.42884,2.19
163,265.15738,115.773346,-57.85717,-50.440357,2.26
164,22.239567,156.62332,-77.29048,-61.762917,2.14
165,694.5475,291.8666,-138.27382,-138.27382,2.47
166,5353.936,184.34818,-70.80905,-5.2499943,2.02
167,28.615982,171.0016,-82.82907,-36.355244,2.22
168,110139.62,133.05167,-64.23252,-46.556744,2.42
169,57349.156,217.83122,-94.475655,-60.75998,2.16
170,4262.5522,196.65866,-84.03869,-79.16123,2.16
171,527480.6,258.31726,-143.92967,-143.92967,2.11
172,53846.016,233.76411,-127.62348,-8.556102,1.45
173,2884.4626,244.29048,-123.65454,-120.79119,2.24
174,1265.049,77.935036,-33.766346,-23.34388,1.36
175,650.4149,202.93462,-86.97283,-37.01348,2.19
176,75154.7,200.7185,-94.76441,-60.923656,1.87
177,62181.504,297.93393,-141.53561,-141.53561,2.21
178,34254.957,269.0518,-126.5365,-126.5365,2.14
179,12486.978,276.56064,-150.22853,-106.05452,2.16
180,6639.2866,95.03146,-38.913692,-19.762012,2.03
181,1424.3187,167.08023,-92.23915,-61.21141,1.35
182,857.57263,121.646324,-71.24261,-22.300718,2.12
183,2261.131,229.84482,-104.082275,-46.10375,2.2
184,1774.005,266.6705,-104.776634,-99.54858,2.24
185,22.491514,158.14684,-71.925415,-67.247505,2.37
186,211453.75,328.21167,-184.14258,-75.177956,1.06
187,55.735302,181.21819,-92.82272,-47.433113,1.27
188,23.42899,167.5053,-80.641754,-33.624454,2.18
189,205.22516,118.11152,-56.0769,-30.374178,1.82
190,4881.518,155.39156,-74.52297,-5.908634,1.09
191,68.44112,213.3162,-105.81664,-58.160324,2.28
192,1083.2626,102.02114,-47.975464,-30.538464,2.35
193,487566.06,234.4827,-122.923225,-122.923225,2.3
194,3969.1113,321.70984,-157.1289,-21.84008,1.65
195,9602.523,281.43463,-137.05316,-11.827247,1.57
196,7889.939,172.39484,-99.36916,-23.691051,1.81
197,924.0454,310.95883,-173.52197,-168.62218,2.47
198,3333.5647,187.53671,-90.833595,-22.242527,2.05
199,583.8583,105.82661,-53.91504,-33.924454,2.3
200,45840430.0,817.647,-291.18866,-258.61108,0.87
201,35224.004,308.16522,-111.55625,-41.363304,1.85
202,104.60946,157.65619,-77.475464,-76.45109,2.2
203,23.99247,168.9858,-79.117455,-79.117455,2.26
204,39927.05,197.67557,-118.97909,-8.139331,2.04
205,403419.44,425.8651,-266.2895,-107.034645,2.11
206,24252976.0,796.44104,-371.33023,-371.33023,0.34
207,395.25943,212.4519,-114.43785,-16.948843,1.69
208,19.955885,155.99194,-72.873566,-43.7588,2.21
209,230324.48,301.30298,-127.87886,-114.42749,1.12
210,527036.5,304.46854,-128.52122,-16.623014,2.47
211,2450290.5,280.95645,-118.577446,-79.364914,2.12
212,371401.53,307.16174,-124.61449,-17.341463,1.39
213,6886.894,184.84032,-73.99155,-73.99155,2.13
214,1624.8313,320.8916,-162.75815,-162.75815,2.29
215,4481.634,227.51909,-130.22737,-80.68045,1.96
216,4862989.5,1284.6919,-634.61816,-140.56566,0.79
217,127265.805,302.26263,-178.10222,-147.13498,2.1
218,630827.3,349.03424,-140.56778,-58.97761,1.62
219,1122.904,156.46985,-75.149025,-3.2594566,1.29
220,307.5367,81.88712,-39.33711,-17.786207,1.5
221,175.39622,110.5485,-58.226933,-37.557728,2.24
222,106011.65,106.600006,-54.719913,-10.793992,1.78
223,1787.711,129.74594,-77.73883,-25.978111,2.0
224,11401.1,174.45232,-94.60311,-56.05192,1.37
225,1109272.8,596.2455,-326.0461,-16.555462,1.78
226,27209.93,206.12596,-119.10621,-33.828293,0.86
227,23.21122,159.8548,-78.959076,-25.44061,2.31
228,24128.246,225.153,-93.34528,-69.582085,2.09
229,4602.3774,273.69147,-95.885445,-67.05513,2.49
230,266.0987,109.98379,-50.52525,-24.4856,2.05
231,1412.7655,205.85194,-122.88415,-52.26989,2.09
232,98.50429,246.44525,-102.35899,-31.813953,2.34
233,2219.1196,159.38857,-86.391945,-86.391945,2.07
234,24.705008,160.96689,-75.00107,-37.939087,2.26
235,484933.4,196.02306,-128.2588,-128.2588,2.04
236,71.299774,189.28305,-94.406975,-58.900444,2.4
237,1777.4963,236.87254,-111.76814,-111.76814,2.24
238,669.86914,85.142426,-43.75872,-24.79606,2.17
239,12132.333,194.11258,-91.39354,-34.88756,2.2
240,397.40396,91.972015,-45.78076,-8.915086,2.05
241,199971.88,226.57805,-118.56697,-99.07387,2.14
242,42166.953,584.6473,-303.29233,-116.71694,2.3
243,58646.08,452.2857,-285.7823,-4.558604,2.05
244,2572376.5,513.4507,-203.71964,-20.482082,1.02
245,2801.253,147.2317,-92.77352,-8.7726555,0.5
246,9713151.0,553.2836,-188.43147,-78.106735,0.42
247,208.92812,110.98428,-52.728928,-10.077575,1.62
248,47595.13,583.5382,-258.43857,-127.86482,1.72
249,28.95881,161.57689,-83.37201,-50.027412,2.37
250,1249491.6,375.77637,-108.25032,-46.46891,1.5
251,45745.953,301.67047,-179.5926,-77.43529,1.99
252,310.8473,105.94866,-52.68754,-34.309334,2.23
253,9019.794,260.69214,-104.70588,-68.243034,1.19
254,5861.723,314.59262,-124.39453,-79.89211,1.61
255,7423506.0,1151.9272,-494.0008,-454.1002,0.26
256,4457.5312,202.46028,-88.894516,-88.894516,2.14
257,152.94034,104.9464,-46.969715,-20.988146,2.12
258,284520.72,278.89658,-112.34696,-3.1359377,1.46
259,35.07122,173.06648,-79.78699,-43.126556,2.28
260,233.77757,243.60263,-143.27753,-133.02878,2.33
261,465624.12,271.6965,-95.48511,-75.73458,2.4
262,1758536.1,214.1285,-104.42841,-104.42841,2.04
263,74513.055,187.81529,-118.735054,-27.377638,0.94
264,17748.508,157.51952,-99.931885,-12.550198,1.57
265,74597.43,330.9051,-139.63292,-64.61629,1.25
266,17.201736,155.51057,-73.44778,-58.429688,2.31
267,983.05444,139.84464,-64.22332,-7.9189973,1.88
268,1464.0516,196.34138,-120.37249,-11.353273,1.33
269,121608.89,269.60928,-97.558334,-34.412334,1.32
270,1203.0684,113.873924,-53.973583,-23.112043,2.27
271,2872.1477,225.21237,-107.30838,-107.30838,2.06
272,15794.8125,404.84842,-203.18813,-77.54645,1.28
273,130771.5,251.9782,-112.19843,-112.19843,2.23
274,1650632.5,917.2842,-359.7548,-255.48401,1.09
275,2151622.0,359.95007,-218.43056,-8.816303,1.54
276,140195920.0,1506.2056,-461.3093,-50.007294,0.29
277,92737.63,273.3506,-120.72282,-120.72282,2.05
278,856.06976,89.64984,-49.454803,-29.892042,1.48
279,2596249.2,401.22766,-122.907326,-58.01828,2.31
280,5766.3364,349.04163,-211.0289,-103.09258,2.14
281,1393.153,127.66376,-75.19093,-36.353497,1.24
282,503206.66,223.5428,-136.9256,-108.630646,2.12
283,358.7122,216.18445,-108.397026,-8.492841,1.46
284,251.20433,115.92478,-53.54735,-38.11871,1.99
285,5449.7124,226.88304,-109.29841,-45.551098,1.35
286,396.98273,122.11012,-62.251255,-26.580872,1.99
287,469.28207,122.98158,-59.842884,-43.23367,2.09
288,804.0232,134.28702,-65.07961,-41.48564,1.58
289,104.23605,100.05404,-48.848854,-11.829231,1.76
290,261669.1,307.438,-159.32959,-2.9091024,2.03
291,37338.957,408.64355,-268.64987,-65.83103,1.99
292,43976.66,427.99448,-240.54785,-59.919052,0.59
293,13298.726,178.64613,-65.90041,-3.220506,1.5
294,33239.082,378.00586,-186.58656,-69.638596,0.65
295,37155.51,265.06915,-114.34361,-113.91305,2.15
296,231.48172,69.55177,-33.736034,-21.1912,2.1
297,20.898876,163.56677,-81.037865,-45.51331,2.2
298,2433890.2,258.1439,-161.4527,-79.34568,1.14
299,1199772.0,311.3704,-156.8878,-16.013025,1.98
300,17.28747,156.21169,-76.67295,-56.004723,2.18
301,18321.62,204.8127,-90.50458,-90.50458,2.02
302,12964.611,336.44904,-217.43614,-217.43614,2.47
303,133023.17,301.65338,-168.15387,-138.42856,2.16
304,30132.898,401.50052,-158.4098,-124.52274,1.4
305,9395.67,225.7893,-137.97302,-34.722656,2.04
306,374223.38,699.6203,-375.65927,-142.1481,1.09
307,4099.198,340.54034,-213.78346,-33.901703,1.46
308,232775.17,390.81186,-175.12807,-0.4365862,1.41
309,36895.59,380.90506,-168.04784,-30.926706,2.18
310,11868.828,234.03041,-161.52997,-104.4752,2.13
311,4608.0044,418.11343,-208.68008,-73.79226,1.55
312,449.4074,115.455666,-54.41732,-2.3199635,1.59
313,648.5208,202.02187,-114.30432,-114.30432,2.18
314,380.3938,125.40466,-65.72669,-9.619631,2.04
315,16154.484,195.80638,-83.54175,-83.54175,2.18
316,18182020.0,1031.1478,-321.14716,-268.4855,0.6
317,2382.5227,258.19424,-144.59488,-38.581837,1.67
318,23392.25,257.0287,-119.53331,-14.529846,2.07
319,7575.211,191.15363,-127.017624,-127.017624,2.2
320,20283.486,226.06593,-123.712326,-54.656124,2.14
321,50589.062,184.16864,-109.10707,-48.384514,1.17
322,20012560.0,1202.5549,-498.09402,-180.45517,0.31
323,22963.348,241.02638,-125.941246,-125.941246,2.11
324,735.5968,131.61237,-74.88144,-14.360398,1.74
325,33.199684,165.77219,-70.41711,-41.03449,2.16
326,13965.238,262.74554,-124.29393,-22.615618,1.41
327,483045.72,386.01218,-157.6439,-94.51917,1.15
328,23.431576,170.49297,-78.86747,-27.209896,2.32
329,573.6518,90.35797,-46.921196,-12.280635,2.44
330,165.77461,115.20437,-59.18129,-4.243706,2.16
331,3844.5457,386.83005,-177.95055,-34.828438,1.78
332,63.58899,198.84084,-99.692726,-61.390957,2.22
333,24450.617,314.1255,-134.77283,-61.278175,1.27
334,231236.64,312.7329,-116.189865,-47.437256,1.53
335,4999.414,317.23935,-145.81334,-6.8395276,2.14
336,274627.1,227.51581,-137.08934,-32.110813,1.48
337,37.27307,161.28511,-80.54183,-56.14273,2.26
338,22.453999,170.59546,-86.81727,-69.27987,2.24
339,70.35479,210.61235,-93.49572,-86.06228,2.2
340,13136.925,205.37593,-97.5945,-12.068417,2.15
341,1148238.6,248.87,-153.1464,-129.70552,2.15
342,49307.91,194.39041,-73.51374,-73.51374,2.07
343,25.442043,160.91292,-72.987206,-25.554794,2.25
344,1505849.6,292.78738,-127.21454,-95.46428,2.08
345,1470.2031,339.73138,-165.32884,-165.32884,2.48
346,46730068.0,672.4315,-216.08089,-216.08089,0.68
347,29.38892,158.84006,-80.955696,-75.13668,2.34
348,2068.5337,137.47719,-69.383255,-3.9859347,1.15
349,40.305702,146.30441,-67.933624,-45.9621,2.13
350,189167.2,534.24365,-247.66626,-247.66626,1.24
351,60211.92,198.01064,-96.44499,-72.33828,2.1
352,34.72173,176.6112,-93.10213,-73.71955,2.2
353,24.69335,155.19377,-77.27379,-28.78308,2.33
354,45925.9,282.6155,-171.25563,-171.25563,2.17
355,5712.239,93.34442,-55.17484,-4.635073,2.12
356,60.735844,185.20818,-90.97956,-40.37178,2.26
357,3111.2026,137.99849,-64.00704,-5.0272174,1.94
358,3791263.5,772.9453,-321.37082,-64.8567,1.02
359,40033390.0,1374.8267,-491.1974,-230.4819,0.16
360,33.468163,144.1127,-63.65895,-49.647675,2.35
361,3305.8137,303.95642,-145.72643,-75.71957,1.84
362,294.74884,126.889885,-65.28286,-6.913919,2.26
363,4618.3184,101.73304,-53.882545,-13.903399,2.11
364,321541280.0,1939.8628,-574.9231,-350.88898,0.1
365,635.9591,243.77594,-147.14626,-68.78184,1.51
366,32241486.0,1104.2771,-372.1466,-372.1466,1.37
367,19645.41,228.55467,-137.31775,-8.501075,0.71
368,1378.2942,161.42822,-82.64746,-26.060415,1.87
369,169693.55,187.68513,-101.046906,-7.5204525,1.31
370,159.1936,108.638245,-53.51696,-18.8865,2.2
371,7354.6387,158.48546,-102.37784,-31.881006,1.27
372,39449.188,429.95334,-187.7569,-33.19687,0.79
373,375508.72,296.38873,-168.39925,-21.359032,2.28
374,132384.12,278.1085,-200.1714,-95.29709,1.85
375,1551.5457,108.80114,-62.71129,-35.716557,2.09
376,2323.685,80.40829,-37.19305,-5.544406,2.22
377,16.082743,150.2312,-71.538864,-65.52266,2.33
378,7096.7954,376.24533,-161.33815,-124.51946,2.47
379,9647.155,289.3233,-97.24607,-97.24607,2.49
380,9379.558,201.85323,-111.038315,-111.038315,2.05
381,30859.434,215.80608,-74.88457,-62.273193,2.15
382,34065.555,170.80327,-89.140175,-4.8581514,1.54
383,7960391.5,221.18562,-57.02477,-1.3120304,1.4
384,3965.425,183.79736,-77.74521,-41.600677,2.12
385,18.519339,157.24062,-79.50922,-24.448605,2.19
386,1876214.1,255.0787,-160.65073,-144.56848,2.12
387,23428.576,335.1795,-157.61337,-80.12658,2.16
388,10949.099,224.08736,-119.36021,-14.708629,2.12
389,215.28375,87.63126,-44.649025,-7.521847,2.12
390,13539.918,279.62195,-148.96219,-114.58839,2.07
391,19.802893,157.5413,-73.92161,-47.98891,2.22
392,147186.55,303.9048,-124.8562,-14.867013,1.3
393,16012.373,226.53232,-140.74294,-1.3374107,1.93
394,849952.0,188.18805,-56.64656,-46.46787,2.22
395,1858.2424,153.8865,-94.336334,-3.8806536,1.46
396,1487165.9,250.80247,-92.61139,-21.011156,2.24
397,4769.487,341.24176,-179.72383,-96.654236,1.31
398,340.37662,137.39182,-65.73179,-11.952595,1.79
399,3177.2017,276.5047,-97.442726,-84.55468,2.47
400,454057.47,97.74804,-39.95523,-24.250933,2.05
401,330.74777,106.37036,-54.035328,-17.382828,1.68
402,38.58275,155.34789,-77.04037,-74.99998,2.43
403,699.2315,133.77438,-64.52188,-33.725918,2.09
404,99.28665,224.74023,-103.87034,-103.87034,2.2
405,369.0146,128.9069,-68.95608,-21.020327,1.53
406,21695.965,206.75114,-149.49341,-31.547813,2.38
407,94.790665,234.06017,-99.31737,-64.960686,2.43
408,197.01251,98.71954,-52.18795,-43.098324,2.08
409,1851.9656,303.38538,-173.49414,-173.49414,2.42
410,30.926477,166.73497,-75.12058,-66.883286,2.1
411,174807780.0,1369.7162,-347.25082,-347.25082,1.25
412,9162.073,460.0494,-279.0241,-114.82135,2.28
413,6991454.5,1266.3895,-514.1067,-387.45892,0.46
414,2725.687,254.33546,-111.13787,-62.682014,1.6
415,18824.645,320.70105,-138.12576,-80.72956,1.24
416,58.485855,218.07327,-103.23878,-96.61571,2.13
417,6025.91,322.94012,-200.68623,-200.68623,2.47
418,1518.8,216.16586,-110.36983,-54.567604,2.11
419,54.858433,158.11682,-78.81316,-78.81316,2.24
420,223.09448,105.5603,-50.8308,-14.156152,1.89
421,18.808573,161.19252,-73.92991,-70.190605,2.24
422,239338.53,233.50368,-158.87537,-46.482735,1.79
423,1688.5542,147.51926,-69.480064,-69.480064,2.13
424,1103.4391,142.67416,-64.70404,-58.827003,2.39
425,423.44012,103.39297,-46.318436,-21.826082,1.88
426,2131.2053,159.9674,-66.8728,-14.709528,1.58
427,25.439669,162.43092,-79.35917,-67.311745,2.27
428,611313.94,281.4086,-215.23633,-87.54345,0.82
429,2468.9163,83.64241,-40.90611,-1.7136233,2.19
430,4125.3086,368.20517,-215.36855,-103.65356,1.67
431,7655.439,215.41559,-132.42386,-54.088066,1.51
432,175649.66,168.73322,-102.06398,-96.632866,2.22
433,16736.783,252.02475,-85.162766,-85.162766,2.12
434,2266.7424,102.03605,-44.040627,-14.481958,2.34
435,81.713905,213.97551,-109.95015,-90.94826,2.45
436,19.580896,155.27217,-78.56772,-67.16436,2.35
437,1107.02,162.1161,-96.05861,-10.999554,1.62
438,64824.54,313.7409,-189.79208,-71.926384,2.18
439,26.574297,169.80858,-89.17091,-57.611813,2.32
440,6895.265,209.73537,-103.92152,-103.92152,2.16
441,114369.63,252.76466,-155.81714,-28.385231,1.33
442,25.597017,161.37997,-80.049644,-47.287518,2.14
443,87101420.0,1412.4775,-699.15424,-699.15424,1.38
444,496.3505,154.3739,-72.599754,-41.437164,2.07
445,152.02483,86.65195,-44.769337,-25.867296,2.29
446,33.59299,178.6506,-85.15912,-63.966434,2.42
447,272.6659,118.9629,-65.60634,-65.60634,1.26
448,558430.06,243.80229,-97.766685,-87.93854,2.22
449,134167.86,347.74533,-162.73979,-18.809217,1.32
450,33211.086,249.73859,-119.658615,-58.129093,1.42
451,711.1509,323.6085,-148.30531,-148.30531,2.34
452,1147.5833,325.7674,-157.88463,-157.88463,2.31
453,937.19354,150.18187,-77.83569,-59.4641,1.93
454,23.731075,162.71005,-73.51902,-59.032413,2.21
455,55673.973,261.96878,-109.45411,-109.45411,2.17
456,1642.8948,75.70701,-42.351868,-30.198065,2.36
457,69.231064,204.72392,-93.54091,-62.295174,2.14
458,92258.125,257.6905,-125.306595,-75.8638,1.19
459,238.44688,108.34491,-54.672684,-25.501165,1.32
460,22565.215,266.83353,-156.53122,-13.395163,1.26
461,208.60072,245.9486,-99.45703,-79.56468,2.46
462,22.953075,173.36534,-77.87294,-71.143486,2.31
463,616018.94,476.5406,-251.18385,-32.290356,0.78
464,1316427.6,250.79099,-80.21096,-6.723144,1.32
465,2260.0266,159.15498,-91.64544,-91.64544,2.09
466,101409.555,255.13239,-140.77963,-140.77963,2.12
467,2335.9937,147.18239,-78.92049,-14.501747,2.05
468,2406.7288,228.3939,-137.49469,-74.46298,2.21
469,80164.06,257.34818,-139.08998,-35.81549,1.27
470,4093.99,274.51526,-112.70079,-5.9672275,2.19
471,4030385.2,951.1045,-303.03427,-303.03427,1.72
472,26777.5,249.83633,-110.91661,-52.425232,2.04
473,135.93561,253.98909,-135.3019,-135.3019,2.35
474,1707.7874,338.49063,-135.15608,-61.525867,2.15
475,41.49371,153.25177,-75.219986,-16.445063,2.29
476,12021.997,234.25714,-124.4708,-124.4708,1.99
477,280.89948,215.04922,-83.8908,-72.33098,2.29
478,945.66797,86.65944,-32.791027,-19.791437,1.79
479,52155.52,268.83124,-150.7114,-98.07055,2.01
480,3696.2852,116.56935,-51.418053,-7.1017466,1.89
481,15922.526,367.32352,-203.56682,-77.418076,1.72
482,70057.99,275.78845,-145.51271,-141.92256,2.13
483,913949.5,641.4309,-326.04218,-15.423061,1.65
484,31096.48,229.31422,-110.27875,-68.320755,2.3
485,393.45187,130.51497,-66.803024,-14.777324,2.17
486,18141.934,447.14816,-177.8927,-90.547424,1.2
487,34939.0,139.94594,-93.93477,-8.790794,1.58
488,678171.75,493.49002,-187.8677,-105.31278,1.04
489,2522.8481,242.7055,-114.149536,-36.34535,2.21
490,547.1759,122.986435,-56.81996,-3.3226175,2.43
491,2438.238,360.52094,-176.02556,-118.63227,2.44
492,94283.3,250.89738,-88.04659,-84.83445,2.13
493,516.503,129.5861,-62.971363,-18.144705,2.13
494,9999183.0,560.2202,-192.71674,-79.062935,0.22
495,315.72064,72.64694,-34.482433,-0.6244449,2.4
496,456.8991,327.4265,-175.71135,-175.71135,2.47
497,276.42584,86.58527,-37.707996,-17.223518,2.24
498,157.92743,127.04586,-62.480804,-9.368878,2.22
499,6388.527,326.37292,-151.32462,-2.471557,2.12
500,15.170571,151.4769,-71.23779,-46.80633,2.22
501,9512.618,249.55515,-117.1944,-58.37388,2.17
502,54481410.0,1141.2554,-419.83005,-419.83005,0.8
503,22423.934,643.10596,-303.16425,-75.46988,1.64
504,5015634.0,823.8871,-324.64954,-160.22324,1.43
505,54987.12,232.16034,-129.85056,-129.85056,1.75
506,1324.7098,218.5644,-120.10967,-120.10967,2.13
507,3927.1543,295.23718,-135.55339,-2.4401221,1.91
508,23150.004,227.72365,-119.61669,-54.749695,1.83
509,139230.23,124.21951,-80.658676,-13.127089,1.34
510,47408.652,237.5514,-72.6217,-64.01609,2.16
511,9479.685,213.7764,-90.30064,-90.30064,2.13
512,8068344.5,1913.2428,-983.0524,-616.58923,0.83
513,1257024.9,273.9486,-146.69739,-7.3412952,1.43
514,1242.2251,140.73207,-69.3535,-41.700882,1.48
515,25.94389,161.20856,-71.24213,-49.104874,2.31
516,226.60445,151.06294,-66.48434,-56.66174,2.07
517,1588.5609,80.7774,-30.784483,-10.65232,2.13
518,8719.396,178.68549,-104.30564,-68.18721,2.02
519,2771.6382,121.50062,-67.620964,-9.87629,1.79
520,49.978996,208.54108,-100.62527,-82.245026,2.21
521,45945.723,343.32974,-189.48193,-130.52327,1.59
522,269.20102,115.323524,-63.463272,-17.843554,1.98
523,186.61615,115.74559,-58.354164,-38.499935,2.0
524,70561.46,324.24905,-154.77208,-23.009779,1.51
525,55737.562,166.54027,-106.99279,-27.925287,1.2
526,494.35367,208.5571,-105.32855,-105.32855,2.19
527,9285.053,245.92104,-113.663734,-113.663734,2.06
528,133.5962,101.69007,-52.45655,-17.193651,1.94
529,5701.126,324.39627,-120.07845,-120.07845,2.49
530,960.39453,335.88672,-162.54613,-152.91139,2.47
531,301.48438,103.30169,-48.01459,-17.855173,1.79
532,60.411022,191.9866,-98.90926,-67.09863,2.4
533,6133.162,151.96448,-81.1666,-49.18183,2.31
534,1285.1508,92.01689,-48.025444,-2.9022772,1.6
535,21.556759,175.03357,-86.078575,-76.18874,2.26
536,19.987545,159.14148,-79.26736,-54.326942,2.28
537,26066.592,217.22583,-131.4144,-68.23721,2.15
538,360.8187,94.67177,-46.196568,-0.012700966,2.13
539,166.39378,196.3044,-95.58243,-23.19103,1.98
540,21.599737,167.80931,-83.5586,-47.606613,2.13
541,321850.16,463.4584,-219.97902,-213.95335,0.71
542,25.168974,167.24866,-78.18404,-59.79475,2.31
543,311.36136,117.95959,-55.768135,-24.862885,2.06
544,13620.905,220.22276,-94.8584,-88.81213,2.12
545,320190.66,195.87799,-61.789387,-35.376114,1.66
546,79850.914,295.43124,-128.73723,-128.73723,2.16
547,2398.098,308.91095,-173.30164,-88.64449,2.14
548,11832.228,266.06387,-134.68596,-12.911429,2.34
549,2837.8635,242.74292,-112.22669,-78.05024,2.26
550,170.63144,196.23563,-108.586266,-62.844227,2.27
551,29.662811,169.18642,-88.84255,-74.655846,2.31
552,1366.4318,310.62003,-164.52368,-164.52368,2.32
553,25.355078,166.23596,-81.76269,-69.615685,2.09
554,3525.0596,253.62706,-136.46982,-4.843653,1.12
555,9362.796,236.33571,-149.45401,-5.2683387,2.33
556,218.42139,129.87585,-71.62541,-43.883286,2.03
557,2504.1914,135.17433,-55.83436,-11.848663,1.84
558,714228.06,428.79944,-267.32214,-49.303043,1.36
559,24.73896,156.58849,-75.785446,-64.40174,2.15
560,25.152702,157.85242,-81.56965,-73.4013,2.39
561,27.448944,174.24312,-85.73268,-20.309832,2.27
562,19.888397,153.4462,-71.97531,-16.649168,2.21
563,141.03767,106.48412,-50.159885,-3.6793363,1.83
564,13537.841,258.83456,-160.62383,-6.865965,2.25
565,1082.3475,324.8829,-184.40393,-64.27563,2.16
566,29.617561,189.60352,-90.49156,-56.68828,2.34
567,1101.8622,113.112724,-62.06694,-17.199594,1.89
568,415.2259,243.44913,-137.28183,-68.365326,1.87
569,581.09845,382.19382,-187.24518,-170.47723,1.81
570,527375.4,443.96027,-150.19945,-58.44002,1.24
571,11073.261,112.741844,-70.60867,-8.195052,0.78
572,6474134.5,272.46484,-89.38273,-31.53716,1.33
573,2535.1292,165.20448,-86.94647,-83.59893,1.78
574,128523.4,237.72168,-135.47668,-101.970566,1.83
575,193.71901,216.64235,-130.46193,-100.53027,2.24
576,29.388653,176.61171,-79.645256,-59.22525,2.06
577,2079.0166,124.92925,-57.249294,-1.7996937,1.7
578,237730.67,255.48883,-177.13885,-65.767624,0.86
579,831.73816,230.27464,-116.57112,-116.57112,2.15
580,5793.409,312.26083,-196.61436,-196.61436,2.48
581,925421.4,256.16663,-105.4492,-105.4492,2.03
582,2256.2227,353.59418,-164.61517,-7.8877516,1.97
583,232069.92,327.57797,-166.1104,-52.846085,2.04
584,1154.9288,218.49904,-97.08603,-97.08603,2.17
585,3551.753,346.90338,-162.89186,-30.290127,2.0
586,3317.9375,107.69477,-52.605587,-21.268188,1.59
587,640944.4,427.0544,-276.88565,-98.95018,0.78
588,205200.25,189.08987,-113.86098,-113.86098,2.03
589,898.5065,251.26433,-117.384254,-38.296135,1.37
590,1481.5227,203.34966,-96.77366,-66.70753,2.1
591,184.5349,130.80331,-60.191574,-51.247498,2.02
592,5008.42,578.0222,-325.24133,-146.93817,2.19
593,228169.17,536.93176,-263.27448,-0.54173106,2.12
594,2277459.8,364.05777,-86.43121,-34.166927,0.63
595,6949.5903,211.0906,-76.99842,-9.066844,2.21
596,356166.28,241.2151,-125.19532,-14.4900465,1.48
597,20.658998,168.52684,-88.150154,-25.967789,1.9
598,23.857239,155.72174,-78.96286,-78.96286,2.28
599,86.2482,121.4766,-62.449734,-25.475428,2.3
600,437.14914,142.83214,-66.909424,-27.932783,2.07
601,63340.258,210.35466,-123.01365,-22.562765,1.44
602,6023.65,193.99301,-77.03281,-56.493534,2.35
603,123.318565,222.28755,-112.59836,-34.560593,1.97
604,90.85033,229.52293,-113.701965,-90.61064,2.15
605,2939.9297,156.63054,-99.18762,-77.24837,2.13
606,804.0968,88.5893,-42.92026,-7.675713,2.09
607,15067.708,184.49406,-97.03214,-57.559464,2.14
608,526.45844,275.95633,-117.73544,-39.43056,1.38
609,836.33136,83.81926,-45.979668,-5.5548053,2.09
610,35.12931,154.90544,-71.77729,-38.176056,2.17
611,139.9602,110.93691,-50.898487,-34.96681,1.79
612,2510.8713,201.05936,-119.91009,-27.44318,2.14
613,61.217087,154.90457,-77.13469,-44.070007,2.13
614,36743.516,436.75198,-194.98723,-63.746613,2.02
615,558.68176,163.34357,-80.12995,-80.12995,1.95
616,45925.82,195.7468,-60.623413,-4.3119555,2.17
617,9077.446,169.34335,-112.860504,-112.860504,2.12
618,4238.272,162.61462,-105.869644,-23.997547,2.08
619,49286.23,301.80417,-124.67858,-112.999794,2.19
620,1003.8515,530.159,-231.60358,-64.53733,2.06
621,100759176.0,1382.1068,-422.13034,-127.157326,0.36
622,165.96579,191.70753,-82.498474,-55.891434,2.12
623,291683.22,110.31298,-47.19039,-20.166197,1.71
624,718.9269,269.40674,-148.39453,-148.39453,2.46
625,1218.5701,209.6419,-109.083305,-88.90058,2.11
626,25977.326,485.4746,-195.21373,-155.20146,2.32
627,977884.25,266.8267,-82.15328,-9.169883,1.48
628,21.952465,168.25412,-85.45413,-21.039507,2.35
629,2104.5388,260.211,-131.2365,-62.349728,1.4
630,335.94873,114.27065,-57.79294,-43.11002,2.07
631,1444.0643,133.56494,-78.39484,-67.9069,2.26
632,546530.2,570.4604,-148.4864,-53.4989,1.62
633,1107.4917,156.11658,-88.45463,-26.83972,1.52
634,179.51562,118.836975,-61.655426,-39.25211,2.03
635,211.70381,124.19794,-64.184326,-19.587095,2.31
636,13513.327,157.02252,-63.929096,-22.03637,1.54
637,18119.6,249.60149,-127.51997,-29.727547,1.53
638,12292.478,190.44484,-103.99149,-22.107885,0.73
639,335372.7,298.93658,-106.56739,-106.56739,1.18
640,19260.193,196.3829,-89.91854,-65.89718,2.08
641,380.0683,116.61336,-51.133938,-35.739925,1.76
642,12697.41,270.67398,-146.60075,-9.057404,1.59
643,98120.35,289.2287,-156.21088,-0.19623244,1.67
644,3087.571,180.43459,-75.13934,-67.232506,2.17
645,37148.69,218.46208,-129.53851,-6.769995,1.28
646,3505.9363,229.60353,-136.95995,-4.964037,1.86
647,95300.5,456.73404,-224.8645,-49.480732,1.32
648,2776.6282,162.11723,-99.88606,-99.88606,2.16
649,107.25443,162.22563,-75.08189,-58.250607,2.1
650,2059.42,137.82603,-49.612804,-28.650642,2.13
651,35.179382,156.79216,-77.95788,-44.70249,2.36
652,10130.982,200.80003,-100.96314,-100.96314,2.21
653,5328.749,290.23297,-101.20012,-95.90663,2.48
654,38084.22,227.40404,-125.65079,-87.77469,1.22
655,340.75244,107.39663,-48.657257,-22.676105,2.46
656,42528.004,301.4293,-171.75453,-171.75453,2.08
657,353.89914,123.487434,-54.773823,-14.942223,2.31
658,712.4741,102.61946,-49.91822,-12.082058,1.78
659,1767550.1,380.028,-141.44698,-87.39675,0.38
660,21.526844,166.86502,-77.70885,-39.63994,2.29
661,1947.7952,423.30652,-196.82933,-78.265,2.12
662,1382.5588,99.55875,-61.42246,-37.650784,1.68
663,450.16492,104.36537,-50.82,-17.294447,2.26
664,567.84326,143.8418,-72.486786,-12.8691435,1.97
665,607.8449,212.6159,-96.968056,-90.4004,2.21
666,337.50906,251.69466,-145.52414,-33.223614,1.79
667,288.83395,253.05032,-130.97916,-24.180141,1.7
668,776.93884,295.80273,-158.94156,-67.72798,2.02
669,11198.281,229.33118,-109.91672,-42.119453,2.13
670,570.232,91.13457,-51.87068,-48.849346,2.45
671,2762.2832,138.4237,-58.286263,-37.244576,1.44
672,28973.127,211.97528,-136.81712,-60.618393,1.97
673,244479.08,212.8332,-64.28416,-40.116417,1.75
674,25534562.0,894.43713,-311.85077,-169.38719,1.19
675,9201.129,188.21211,-69.94432,-69.94432,2.2
676,509.94858,77.99359,-34.82676,-5.5825276,2.18
677,24.07164,169.90312,-81.90589,-73.716324,2.27
678,237630420.0,1124.5851,-352.67517,-145.07794,0.71
679,14310.391,212.70319,-91.839096,-91.839096,1.97
680,24300.875,210.85214,-137.8009,-116.99496,2.15
681,141.63742,105.4268,-50.538204,-27.374922,2.05
682,220.60867,101.75599,-51.011158,-6.0830264,2.14
683,182.76317,108.607414,-48.840137,-39.605053,1.35
684,32678.156,313.6376,-142.4929,-5.56588,1.55
685,1879.6943,362.51236,-195.15431,-195.15431,2.39
686,2324.7048,351.5238,-193.93423,-193.93423,2.45
687,20053268.0,980.2567,-323.51486,-181.43065,0.46
688,195.14984,100.48492,-51.54288,-25.425852,2.16
689,309.1801,203.39021,-94.70616,-20.076931,2.09
690,34.0279,193.24892,-100.07524,-95.230095,2.22
691,233914.11,126.891396,-61.276707,-45.7539,1.97
692,21568.828,225.92271,-130.0131,-47.067047,2.19
693,288.99545,125.49048,-53.99431,-13.411133,2.07
694,449.78125,211.31186,-114.238335,-14.375501,1.73
695,26.53571,142.9832,-76.72045,-39.59904,2.33
696,161.44498,230.95479,-97.0612,-97.0612,2.24
697,225990.86,207.40834,-98.213715,-98.213715,2.05
698,6112.087,243.52074,-95.595955,-95.595955,2.21
699,36.25441,175.80426,-86.09435,-49.606224,2.14
700,6569.0615,240.02179,-155.9355,-108.42842,1.81
701,390181.8,215.43826,-87.57355,-87.57355,2.15
702,31.57348,155.14285,-70.149765,-54.067974,2.23
703,3245.0164,336.32373,-161.12727,-33.13912,2.11
704,130.80838,231.89601,-102.473656,-99.01044,2.45
705,1541.7386,134.2997,-56.51023,-18.997849,1.63
706,388.43866,104.50705,-58.913296,-28.226303,2.29
707,63651.84,157.24449,-64.02017,-2.014933,1.03
708,1151.4705,307.42,-174.47803,-83.01336,1.71
709,1571726.1,686.68195,-289.20868,-16.120361,0.46
710,2069396.6,259.91757,-156.07112,-156.07112,2.23
711,121199.07,460.2918,-256.65305,-147.42244,1.65
712,25706.926,274.88898,-134.47003,-79.43608,1.73
713,3685484.0,772.9453,-321.37082,-64.8567,0.84
714,3520.8865,566.9416,-307.16888,-307.16888,2.31
715,460.79193,153.22604,-82.699974,-30.446156,2.16
716,80727210.0,1689.904,-601.25726,-115.70702,0.14
717,19176.031,279.5531,-147.55699,-147.55699,2.08
718,54.247833,182.23135,-80.19832,-41.464108,1.89
719,67.31491,219.1041,-108.659195,-60.88185,2.39
720,40211.773,690.1225,-261.23257,-249.42035,1.66
721,505793.94,174.5902,-114.794685,-6.0308337,1.11
722,1558363.6,327.0687,-205.70744,-4.7329845,1.38
723,18.247438,156.8716,-74.36373,-67.18241,2.23
724,742.8986,104.57631,-60.41091,-14.762441,1.67
725,3765.8032,155.71628,-79.50099,-19.276897,1.41
726,9370.098,213.26947,-120.550766,-120.550766,2.07
727,26039.078,305.77808,-124.20011,-31.54517,1.2
728,625.17163,167.8719,-90.550285,-85.582634,2.13
729,4347.6196,187.33687,-102.21427,-26.1883,2.06
730,20002.271,219.76361,-86.62707,-20.497347,2.13
731,10856.482,357.9205,-220.35976,-220.35976,2.48
732,53206.754,263.59848,-142.89388,-21.380665,1.39
733,5258.4346,214.08328,-110.40825,-110.40825,2.11
734,25037.93,330.9682,-115.451706,-115.451706,1.24
735,421.15353,170.38078,-94.417274,-83.93785,2.07
736,6280.691,254.11732,-110.78674,-92.41241,2.25
737,203.87686,115.74706,-59.35964,-48.658165,2.03
738,2021.9119,153.18288,-59.395344,-15.662773,1.55
739,24676.102,213.74298,-77.87424,-77.87424,2.0
740,603.3131,276.59094,-129.82875,-46.002804,2.12
741,154850.14,197.90958,-81.115166,-81.115166,2.16
742,109134.266,258.49866,-137.45923,-93.0443,0.47
743,46.269497,215.2915,-100.88002,-100.88002,2.25
744,17779.176,281.75665,-122.0017,-14.67386,2.03
745,70560.92,292.09982,-176.92314,-176.92314,2.07
746,13295.192,300.87683,-142.2552,-142.2552,2.24
747,26.635298,167.3271,-81.167786,-53.694492,2.3
748,780.7649,120.79344,-71.8129,-29.358788,1.32
749,1723.2395,110.46432,-48.19907,-5.8695498,2.13
750,25943.816,138.22752,-58.208576,-58.208576,1.97
751,23.050312,161.15266,-75.259636,-57.998825,2.14
752,1206.3938,161.80745,-77.53216,-50.309654,2.19
753,23382.982,358.6167,-163.26334,-114.46873,2.1
754,101538.41,95.19181,-41.485573,-17.842869,1.73
755,199.30931,126.02117,-61.952164,-21.580843,2.18
756,20389.627,270.58163,-170.85442,-48.811417,2.19
757,830.8571,179.63448,-108.678116,-86.26256,2.25
758,544.29474,84.074066,-40.776768,-10.093918,2.36
759,439191.88,211.3026,-54.75261,-9.22665,1.04
760,25.030958,158.27213,-75.675186,-23.977331,1.81
761,4590.76,168.62225,-64.18641,-34.94255,2.2
762,264.6662,93.078415,-45.724964,-15.708354,2.33
763,343.47388,114.087715,-49.493,-8.535409,2.07
764,6324210.5,879.69855,-384.87567,-149.8466,0.2
765,798.0755,287.39664,-121.420685,-19.653416,2.25
766,104.63429,117.171616,-60.934216,-25.760105,2.45
767,760594.44,97.65925,-63.906178,-16.229414,2.06
768,524.7871,99.27032,-53.975662,-21.132038,2.08
769,1426.4729,260.56683,-97.342865,-53.871243,2.47
770,211.81137,124.77312,-65.31716,-65.31716,2.06
771,4447.2363,166.63928,-92.93593,-60.444225,2.09
772,393.86386,193.33717,-108.58475,-73.57124,2.27
773,435.0065,256.76294,-121.38936,-121.38936,2.38
774,14740.53,187.85689,-65.936295,-39.749966,2.12
775,100.49428,234.9097,-108.36453,-100.24447,2.31
776,980.1691,144.70293,-80.56497,-43.54011,1.57
777,851.46985,191.58974,-90.49007,-90.49007,2.12
778,18719.148,135.81187,-63.125175,-22.428116,1.7
779,918.76196,172.07336,-88.655045,-17.400776,1.91
780,47.267216,172.43748,-90.7988,-60.027283,1.75
781,19.14453,158.2202,-78.240326,-48.783226,2.27
782,633.57715,126.62793,-70.46965,-14.230505,2.12
783,4496.2505,550.81146,-236.75279,-64.69781,1.95
784,936.87964,116.53667,-65.88805,-9.0848255,1.57
785,132856.73,208.32553,-94.31459,-94.31459,2.24
786,25.589603,170.49191,-85.47111,-73.58068,2.09
787,161.69084,215.5131,-108.6285,-61.501003,2.23
788,141.4649,170.38763,-88.69884,-46.539062,2.2
789,334.7749,107.514885,-57.87327,-5.862034,2.1
790,53002.773,199.69252,-128.88176,-94.17857,1.24
791,9418531.0,1265.8074,-532.4888,-209.52147,0.2
792,47294.48,397.57184,-156.15704,-71.230354,0.55
793,36.258152,223.63304,-104.25086,-53.454426,2.44
794,248931.39,301.3039,-127.87958,-114.427345,0.99
795,19.11324,156.29436,-75.55452,-64.68403,2.28
796,7423.8706,372.50668,-154.97995,-101.79283,2.46
797,4208.726,409.90988,-185.73647,-68.93958,1.5
798,1384.4318,249.43147,-137.75114,-21.27218,1.57
799,30.450441,140.57343,-71.38196,-42.79007,2.32
800,33932.61,257.4765,-141.73782,-92.44882,2.12
801,1417.7296,322.41284,-174.19594,-30.427958,1.9
802,3788966.8,324.01688,-152.90358,-14.654707,1.82
803,337.7729,118.81235,-52.64058,-27.024914,2.3
804,5325.362,261.4575,-125.851585,-10.187512,1.83
805,8991.122,122.20085,-42.47338,-15.224729,1.97
806,3415.7673,328.28223,-139.74307,-104.5168,2.48
807,269.34818,128.03192,-56.565376,-1.0638497,2.21
808,2268.563,92.56968,-39.299202,-18.42819,1.96
809,747983.0,206.13351,-56.373146,-8.911958,1.15
810,26.097666,169.09528,-80.73501,-31.241726,2.2
811,9556.458,261.39175,-131.92911,-18.348764,1.17
812,44689.723,264.40393,-97.90644,-81.49995,2.1
813,3065.5813,85.86545,-36.98101,-0.45461947,2.18
814,4881.4546,203.17743,-78.96019,-36.27861,2.49
815,18688418.0,1075.5668,-350.82816,-244.42937,1.23
816,21019.059,235.33861,-95.761566,-95.761566,2.08
817,240.33377,107.89797,-54.78633,-7.824291,1.61
818,22.325172,165.9348,-77.75949,-69.7297,2.19
819,820037.6,359.3339,-116.46172,-107.43054,1.56
820,4870.598,186.41779,-94.57384,-6.9289036,1.52
821,6733.097,152.97635,-97.86294,-35.167877,2.2
822,4167.34,417.85928,-179.6031,-76.58238,1.9
823,91325416.0,1032.6025,-358.28918,-358.28918,1.76
824,85688.24,326.26016,-142.20146,-21.245008,1.39
825,3702.2788,344.75262,-153.16217,-153.16217,2.46
826,32792.023,256.50067,-106.65978,-106.65978,2.15
827,24253.191,310.76633,-147.84291,-147.84291,2.17
828,401.93298,102.4402,-44.25832,-13.744108,2.08
829,53690.164,301.83582,-145.66591,-39.36106,2.13
830,232087700.0,2169.2705,-553.554,-553.554,0.17
831,244.70569,106.32993,-54.2456,-27.761343,1.99
832,845963.44,260.61777,-108.55098,-107.24423,2.22
833,1162.1875,128.18483,-58.838306,-9.250403,1.32
834,4733.964,122.626526,-54.753365,-21.242146,2.25
835,23396.742,244.1793,-145.06198,-102.20906,2.08
836,19626350.0,2162.7822,-855.07764,-21.556612,0.98
837,4632.921,360.31458,-199.34634,-199.34634,2.46
838,20518.63,246.31532,-137.84521,-137.84521,2.21
839,482312.62,639.2213,-339.3209,-13.9114,1.36
840,593.2494,74.44122,-34.900925,-6.03012,1.99
841,36281.67,197.85675,-58.939514,-38.262264,2.18
842,133532.19,81.8045,-36.792107,-15.469619,1.24
843,46695.56,251.45091,-157.19597,-16.209558,2.03
844,60061.586,327.96375,-114.08528,-12.000413,1.58
845,298.0001,166.91321,-68.443016,-36.561733,2.18
846,936.52655,99.3491,-42.21152,-5.7714148,1.56
847,95243.44,258.82977,-111.766884,-35.297348,2.07
848,14652.695,205.51431,-81.27792,-1.883759,2.14
849,53623.86,228.77065,-142.03688,-142.03688,2.18
850,23.328135,170.59274,-85.354416,-52.4795,1.93
851,3413.9675,93.333435,-57.046417,-16.247515,1.73
852,103.22885,117.82306,-53.600773,-18.91638,2.25
853,773442.8,302.5449,-205.79099,-89.35023,2.17
854,924.94196,164.6656,-74.88982,-67.29453,2.08
855,30644898.0,1253.6525,-463.8029,-463.8029,0.9
856,4295.2734,179.9933,-79.54301,-49.658405,2.34
857,10559.788,163.36781,-90.72601,-27.228716,1.23
858,2006.856,311.63272,-137.25784,-86.13712,1.78
859,16851.643,189.82599,-76.02563,-76.02563,2.19
860,15206.383,573.7978,-303.16608,-75.46978,1.4
861,13448822.0,872.8782,-351.39902,-68.86193,0.82
862,1320.7146,93.23639,-41.17318,-3.4500432,1.32
863,3030617.0,233.84879,-81.37128,-5.6055274,2.0
864,116331416.0,1325.7476,-443.82202,-76.14687,0.31
865,646744.6,310.99268,-134.20763,-134.20763,1.67
866,5888910.0,687.30896,-277.5044,-36.25991,0.37
867,53.83277,182.91734,-91.70544,-83.21505,2.21
868,1228.9568,106.1809,-56.06902,-21.48658,1.63
869,22566.646,237.54544,-70.45404,-66.16979,2.07
870,1440.4119,174.13301,-76.32134,-28.714962,1.7
871,9080.476,187.37138,-97.51744,-16.602345,1.4
872,195.44131,238.26126,-128.68765,-98.16415,1.99
873,56773.09,200.51668,-129.25179,-19.798092,2.16
874,1294.4703,105.465965,-62.433235,-62.433235,2.44
875,40.362167,150.56905,-75.672935,-72.06281,2.39
876,170.09808,104.54113,-48.78822,-12.717729,2.11
877,7375.9033,286.83606,-145.3576,-47.788452,1.96
878,312484.44,120.89041,-72.86984,-72.86984,1.7
879,580.1293,136.12033,-71.45061,-20.037687,2.1
880,76139.49,389.94333,-192.92441,-25.867432,1.98
881,30.215057,161.01672,-80.70711,-55.416702,2.34
882,658.0373,140.27719,-63.14775,-33.999565,2.18
883,3826483.0,456.79944,-138.0258,-57.29935,1.53
884,46784.777,192.49011,-126.54436,-3.117504,1.64
885,20.592594,160.17262,-76.36843,-75.08998,2.15
886,41.201935,156.85081,-71.597946,-60.838882,2.14
887,141.23962,240.13246,-125.92043,-125.92043,2.29
888,35581.293,264.21066,-144.93118,-23.155697,2.16
889,5422.447,243.33493,-113.68481,-58.607143,1.35
890,1848.3551,619.8022,-301.2399,-75.04206,2.16
891,7603.9395,316.09314,-194.42813,-194.42813,2.4
892,3427.5393,148.87962,-64.67214,-2.4853048,1.31
893,3414.757,190.23299,-125.12372,-37.34967,2.12
894,581.68567,254.61266,-119.03426,-64.55325,1.92
895,259157.97,308.8986,-159.87122,-1.9913186,2.01
896,814.1286,90.289345,-39.450695,-20.696949,1.73
897,636.7295,93.403435,-44.758186,-1.3530185,1.81
898,27.454596,165.31195,-85.06986,-61.969666,2.17
899,6846.268,359.46024,-155.91791,-48.46012,2.28
900,1373478.6,759.34894,-346.4432,-174.91203,0.6
901,5396.4277,288.9067,-149.00926,-75.46936,1.58
902,95605810.0,1550.9459,-579.77637,-579.77637,0.41
903,6686.5527,314.85556,-171.25815,-98.01368,2.08
904,1479.532,77.491905,-38.38947,-14.494896,2.2
905,37271.46,278.524,-146.39922,-96.39768,1.72
906,180.76653,99.286255,-43.57128,-4.613322,2.15
907,1073.7062,185.85658,-111.5372,-73.51929,2.17
908,9873852.0,1282.1279,-610.06256,-348.19354,0.18
909,78650.17,322.243,-159.1651,-136.07607,2.08
910,38.016872,195.45164,-103.21282,-103.21282,2.26
911,367726.84,325.10178,-161.9723,-57.720016,1.3
912,96022520.0,1550.9459,-579.77637,-579.77637,0.41
913,143.17897,242.18398,-126.22971,-65.99176,2.39
914,1359742.9,203.46622,-59.039013,-8.843512,1.92
915,2000.2024,123.404945,-65.428116,-29.470892,1.94
916,45565.95,619.8253,-281.67886,-248.86166,2.18
917,323317.2,276.58743,-145.94348,-145.94348,2.21
918,1761.5234,141.53394,-78.893715,-11.111636,2.3
919,71.844124,228.847,-130.7156,-130.7156,2.31
920,46660.77,291.75012,-163.22978,-136.08841,2.16
921,23.059141,175.11032,-89.427,-72.73121,2.3
922,2456.182,192.54059,-93.9654,-40.031013,2.16
923,40037.61,282.2626,-136.42545,-136.42545,2.14
924,1880.3754,182.01994,-115.114555,-66.47276,2.11
925,5377.4155,188.83989,-86.16403,-86.16403,2.18
926,755.0641,124.80191,-60.482914,-4.4293337,2.32
927,36902.055,350.87506,-138.06967,-18.77562,1.99
928,198810.16,402.44714,-207.15323,-35.115723,0.95
929,73900.12,290.47964,-132.99773,-132.99773,2.12
930,424898.66,81.55843,-53.98971,-12.765562,1.66
931,2560587.0,429.27866,-176.3155,-25.035292,0.4
932,440.692,307.56314,-173.58075,-173.58075,2.31
933,2818.2375,214.9197,-120.1331,-48.94857,1.84
934,101.729034,215.58086,-120.639885,-120.639885,2.16
935,21.364714,159.48236,-83.652306,-61.2763,2.28
936,17623.701,211.85362,-117.23591,-15.962526,1.02
937,8970.928,211.62521,-111.246475,-22.247992,1.27
938,506.4879,99.41516,-48.306095,-10.072596,1.45
939,401.7791,125.258484,-56.601727,-36.477467,1.95
940,1275.6509,321.1206,-149.7098,-124.61921,2.35
941,3656.9312,136.61484,-86.08561,-11.841992,1.48
942,1028110.44,523.15894,-283.5584,-53.90871,0.45
943,208.8038,105.399704,-51.033424,-27.772642,1.31
944,34645.246,207.75471,-114.60286,-5.690453,1.3
945,3338.0884,166.56772,-80.12127,-53.336506,1.7
946,10407986.0,1132.4725,-492.5053,-307.1561,0.78
947,127810.33,276.78534,-109.78713,-36.970776,1.25
948,4782.591,484.27756,-285.05957,-244.02039,2.26
949,6432.195,183.49953,-70.216896,-22.650423,2.13
950,17701.322,229.46028,-108.409035,-66.2295,2.05
951,66508256.0,1227.094,-405.58694,-100.18505,0.64
952,382.80798,248.15431,-116.313065,-115.05296,2.27
953,11253.263,128.91676,-48.09049,-4.786845,1.52
954,787.54144,280.14337,-136.14003,-40.876213,1.94
955,15125.442,215.47623,-128.33977,-68.1628,2.07
956,6260.2124,177.3518,-97.833694,-97.833694,2.04
957,846.23804,106.81578,-50.829174,-2.678142,2.11
958,679.41376,149.07817,-66.34252,-17.845703,2.03
959,100268104.0,1296.463,-467.0146,-202.612,0.17
960,8263.6045,156.1857,-96.7857,-40.056995,2.15
961,551176.4,220.86812,-87.49767,-87.18754,2.13
962,1072.7987,282.98798,-142.42278,-88.79956,1.83
963,5790161.0,2135.957,-902.2925,-545.6253,0.7
964,31710696.0,514.0622,-153.41008,-141.38757,1.24
965,1772.4474,349.54117,-181.71361,-181.71361,2.47
966,16.708944,149.76918,-72.510864,-52.360844,2.31
967,17.751457,149.38835,-71.530754,-42.61337,2.3
968,1601.0889,176.30502,-90.96017,-32.100246,1.5
969,922.7952,62.25284,-26.457344,-10.35451,2.07
970,15099.494,322.78888,-130.25964,-49.533176,2.23
971,39.672577,155.51965,-80.872,-80.872,1.91
972,613.2766,76.70701,-40.942734,-8.598621,1.89
973,3102.735,158.93407,-87.47608,-10.145191,1.05
974,1977.2927,241.64299,-116.88798,-96.94765,2.16
975,284053.28,373.25522,-223.39703,-129.09267,1.01
976,278.1705,100.72008,-53.487988,-4.8372064,1.68
977,879.81647,89.620636,-42.1284,-39.86233,1.4
978,12110.16,307.35913,-196.06116,-196.06116,2.47
979,116.518654,233.91747,-117.48272,-117.48272,2.31
980,2990.005,129.95583,-77.381584,-3.1832845,1.09
981,4159197.5,1145.1398,-460.2733,-185.74582,0.13
982,13829.109,226.36877,-123.319145,-107.70162,2.14
983,103909.43,284.38315,-116.604546,-58.337578,1.74
984,1170.4718,69.35654,-27.135727,-4.873674,2.31
985,20.49428,159.10829,-71.786644,-55.398937,2.28
986,1255.407,404.9351,-173.70541,-106.91996,2.25
987,12036.321,167.44055,-110.74199,-22.718018,1.55
988,234.64156,274.5979,-126.52151,-126.52151,2.26
989,623.22546,304.2031,-153.6768,-153.6768,2.44
990,44.134556,169.67189,-86.239235,-46.577747,1.92
991,165814.14,390.5188,-202.88211,-79.80272,0.76
992,422.33548,114.26809,-58.249893,-16.07485,2.13
993,18579.947,319.8065,-124.99576,-106.871704,1.6
994,12375709.0,743.4844,-504.34738,-119.532974,2.34
995,1055793.5,243.26175,-145.9276,-128.05254,1.97
996,31080.523,215.02493,-84.31525,-84.31525,2.12
997,196.60678,272.763,-129.53319,-129.53319,2.26
998,1051.2589,343.10162,-171.59758,-171.59758,1.96
999,2387.0986,293.99295,-168.63156,-14.256199,1.44
1000,1672.2896,303.52576,-173.69138,-173.69138,2.28
1001,245.14528,134.83711,-60.074078,-60.074078,2.12
1002,537.4501,258.14175,-131.75206,-100.044624,2.34
1003,1056.2007,313.81448,-180.29695,-15.010996,2.27
1004,52679.234,271.316,-124.1979,-69.54605,2.02
1005,874.3574,143.89673,-59.213585,-46.181805,2.13
1006,119287460.0,1231.9607,-392.16617,-392.16617,0.88
1007,384.7687,274.42322,-146.80106,-146.80106,2.34
1008,144.90762,115.04585,-60.30647,-41.741894,2.05
1009,14700.876,366.294,-164.83644,-7.579343,1.25
1010,589388.3,285.4591,-81.31623,-45.658176,1.31
1011,624851.1,260.96802,-88.70739,-20.779575,1.23
1012,23.005226,168.16603,-80.50764,-52.924774,2.13
1013,3754.2512,92.050285,-35.35369,-7.2346516,2.02
1014,22583.885,176.25247,-75.04618,-8.46988,2.49
1015,2695.0447,96.24534,-38.863453,-7.463369,1.55
1016,6393.859,243.59995,-118.354,-40.434635,1.8
1017,3933473.0,488.6918,-147.93509,-52.524536,1.36
1018,965.6409,296.6541,-154.22302,-154.22302,2.46
1019,499.35492,95.804695,-44.69496,-10.072535,1.45
1020,3662.7913,296.11383,-108.986626,-70.993706,2.47
1021,1159.5321,210.97604,-123.92297,-123.92297,2.13
1022,618.7326,232.2455,-136.04082,-30.082691,2.18
1023,306.84848,199.4036,-98.38579,-25.856232,1.75
1024,17.37168,159.48827,-77.88125,-51.403942,1.82
1025,24.98709,163.37944,-80.6037,-76.44813,2.36
1026,1326006.4,289.73132,-167.28935,-136.2324,2.31
1027,4100.5283,152.33551,-63.82543,-20.129082,1.17
1028,340920.0,407.8357,-146.0064,-44.755493,1.65
1029,2084.212,269.37457,-177.64113,-91.17699,2.47
1030,97495.84,167.87512,-105.14135,-18.485788,2.13
1031,17.366636,159.94087,-78.173225,-35.521812,2.16
1032,5673.908,266.86237,-141.75224,-49.92379,2.18
1033,28.113596,161.50525,-76.36669,-67.35295,2.16
1034,375.7613,278.32727,-136.03679,-136.03679,2.45
1035,183.11337,107.23236,-53.22183,-7.9126086,2.29
1036,11877.671,260.60678,-134.72537,-47.05427,1.72
1037,3838.4082,183.43102,-88.880936,-30.450308,2.05
1038,110769.53,222.7947,-144.46735,-66.63179,1.53
1039,2987.1316,219.7638,-115.05973,-52.849304,1.69
1040,4667.0127,328.37527,-196.92581,-47.24841,2.28
1041,38546.254,215.82985,-139.23862,-31.558397,1.43
1042,171012.64,107.409195,-53.847813,-14.208332,1.54
1043,2026.3267,84.4783,-34.35646,-11.088605,2.25
1044,11888.45,291.3159,-135.79675,-78.33493,2.22
1045,1305324.9,261.19196,-102.63588,-90.233116,2.1
1046,731.326,192.28735,-105.14625,-105.14625,2.19
1047,707.1251,197.46475,-86.95671,-45.897713,2.1
1048,222.43173,112.302284,-50.33741,-26.289013,1.25
1049,135486.14,94.327354,-47.588375,-22.270037,1.23
1050,27518.473,393.59732,-148.64293,-10.915247,1.71
1051,127.59746,127.959946,-65.20062,-13.879489,2.13
1052,3051.7737,175.84799,-67.861404,-67.861404,2.19
1053,123953.57,268.93564,-145.94357,-37.495453,2.14
1054,1802.2456,458.66034,-233.92122,-107.456276,2.15
1055,17.957125,145.83894,-71.09648,-61.420574,2.35
1056,865.1192,291.58356,-166.71478,-29.11129,2.27
1057,163.16231,101.778824,-46.737457,-46.737457,2.08
1058,773012.9,297.41077,-200.20233,-7.080309,1.49
1059,326730.25,234.97334,-76.97264,-9.446277,1.22
1060,5684.531,256.87943,-114.94298,-114.94298,2.08
1061,18.186407,163.21289,-77.3636,-32.18971,2.29
1062,123185720.0,1229.5507,-349.0853,-259.55008,0.58
1063,4243147.0,448.8075,-324.85657,-7.095634,1.31
1064,1526810.0,259.72418,-107.89403,-107.89403,2.29
1065,475.31216,236.75403,-138.0974,-138.0974,2.46
1066,141081.73,391.9224,-174.23637,-57.584694,2.22
1067,63741.86,261.4423,-171.7085,-97.90632,2.2
1068,113710.1,274.0509,-147.88763,-146.49556,2.27
1069,132.15582,257.5129,-124.48727,-62.119232,2.25
1070,206010.11,206.16275,-77.42194,-58.54743,1.33
1071,164.37428,123.482925,-61.989426,-14.020609,2.16
1072,1833814.1,277.2528,-163.8137,-163.8137,1.97
1073,18478640.0,1144.0542,-473.48355,-307.38852,1.11
1074,2579.9934,156.13342,-97.10495,-59.15801,2.16
1075,34.469475,151.13509,-75.0642,-59.3854,2.15
1076,10782180.0,815.23706,-303.57983,-86.79769,1.0
1077,2510.6277,254.13268,-132.66344,-132.66344,2.12
1078,534.65704,83.70755,-40.810596,-14.662576,1.91
1079,71624.46,274.3342,-122.96699,-58.630302,2.06
1080,32669.047,253.35081,-151.82825,-26.3686,1.34
1081,280171.8,285.48904,-102.017395,-24.64897,2.05
1082,9360.096,289.55725,-186.65186,-81.67259,1.79
1083,95.14786,120.32829,-65.84162,-18.384092,2.26
1084,214723.52,311.31946,-105.85544,-44.829235,1.68
1085,1823.627,311.54578,-164.06477,-1.7086118,1.64
1086,381.22202,97.940605,-56.495956,-27.560616,1.7
1087,194813.77,222.29378,-105.66176,-20.365923,2.12
1088,205511740.0,1389.6705,-380.14154,-342.0731,0.23
1089,931.109,244.77182,-106.81851,-37.569458,1.81
1090,20198.826,309.69077,-169.49457,-169.49457,2.14
1091,2437.0454,306.96082,-174.72842,-24.3378,1.47
1092,8453.1,204.87895,-106.00377,-106.00377,2.19
1093,1092.0955,72.45019,-34.651566,-8.847269,2.23
1094,9860.814,402.72177,-190.3594,-38.112312,2.07
1095,8356.676,130.7891,-74.58512,-5.573366,1.44
1096,3179274.2,1015.6811,-417.2403,-214.30156,0.71
1097,87.77401,117.21888,-58.85984,-9.858608,1.87
1098,36805.414,89.33585,-37.130238,-5.9657774,2.19
1099,11206.998,345.74506,-129.38145,-97.75317,2.45
1100,15744.367,220.89804,-75.00194,-37.43897,2.13
1101,18.95193,153.21698,-75.80703,-58.720238,2.24
1102,906.21844,276.82935,-142.52554,-129.18173,1.91
1103,309.5097,234.18858,-89.93659,-76.8328,2.44
1104,23.610073,157.82233,-73.264984,-22.79985,2.31
1105,23.232607,159.16913,-73.46598,-66.34029,2.07
1106,36826.605,251.00658,-109.59933,-109.59933,2.15
1107,31732.676,128.70215,-60.248337,-31.430529,2.18
1108,1387.5566,174.1854,-94.60414,-94.60414,2.17
1109,174061.84,437.4228,-168.85754,-31.075342,1.06
1110,33314.582,270.35193,-126.70823,-126.70823,2.04
1111,1875.1635,228.03816,-125.36986,-103.32883,2.14
1112,6909794.0,447.4939,-151.12102,-9.447621,1.53
1113,1180.9235,151.83725,-82.30952,-11.212433,1.66
1114,229.45116,238.38249,-120.624626,-78.936905,1.34
1115,1192.2347,154.97139,-69.36913,-39.175117,2.01
1116,61.75584,181.25014,-91.52383,-36.639553,2.13
1117,22.835289,158.91966,-72.30305,-25.332993,2.23
1118,1252.7188,259.60526,-112.02904,-6.079864,1.92
1119,95.13619,146.72014,-66.513664,-66.513664,2.15
1120,20.112652,167.8945,-83.60029,-72.54285,2.21
1121,18.443134,157.30411,-78.74855,-55.40369,2.27
1122,154967.0,250.33173,-86.32401,-86.32401,2.24
1123,11711.822,179.70117,-119.42832,-2.7845519,0.78
1124,1041750.6,305.67523,-135.97083,-105.77485,2.17
1125,8830.783,257.3802,-124.086784,-63.305157,1.33
1126,345382.0,226.72688,-96.19994,-96.19994,2.07
1127,337.9032,79.59434,-39.24391,-10.933672,1.47
1128,363.602,244.50679,-152.17644,-120.61637,2.45
1129,2762341.5,967.81085,-481.8153,-165.4258,0.3
1130,1257763.0,194.81485,-49.926926,-9.304295,1.3
1131,433.66858,123.046684,-62.214287,-18.258469,1.26
1132,337.87018,144.631,-68.01587,-14.846809,2.18
1133,124.465866,99.13233,-49.826584,-24.997398,1.33
1134,6305.4575,284.40158,-186.17195,-36.63875,1.78
1135,462946.5,307.62103,-206.72005,-69.3148,1.72
1136,561705.56,295.48627,-176.3819,-176.3819,2.13
1137,4376.044,256.74673,-141.2022,-141.2022,2.22
1138,87477.69,249.12387,-163.06796,-47.771847,0.94
1139,32804.195,331.92728,-145.79456,-81.394585,2.13
1140,5311.147,258.16348,-137.26462,-24.56259,2.06
1141,5424.6294,242.97037,-111.1001,-111.1001,2.11
1142,132715.17,221.2928,-89.269684,-24.822285,2.23
1143,271283.4,229.61195,-133.32468,-117.085335,2.08
1144,1570336.8,451.10614,-133.36862,-69.736786,1.21
1145,322618.4,230.12398,-118.753265,-118.753265,2.14
1146,83.70802,101.94532,-51.591763,-18.583687,2.06
1147,287.3642,125.38929,-57.366566,-3.7359672,2.12
1148,213794.38,98.30779,-36.482838,-12.317095,1.93
1149,2851.6484,259.3663,-133.57997,-133.57997,2.08
1150,27486.139,229.45592,-99.570885,-40.610207,2.17
1151,9246583.0,986.01764,-425.8221,-366.63516,0.66
1152,2581.4534,213.84882,-94.1706,-94.1706,2.13
1153,47.70183,175.93413,-77.04035,-20.55754,1.88
1154,282822.06,344.4439,-163.47878,-86.27749,2.11
1155,9251.403,187.67947,-78.131966,-45.450874,1.68
1156,278393.03,289.41302,-98.694115,-12.073759,2.07
1157,245.57762,266.64084,-145.58105,-145.58105,2.46
1158,1972.1837,135.07999,-52.67227,-50.728855,1.87
1159,316.86334,262.37003,-119.29392,-77.14353,2.33
1160,415.74426,113.98487,-65.937904,-13.201418,1.34
1161,9270.272,357.66086,-149.51602,-94.26638,1.3
1162,16.439697,157.98354,-76.50277,-47.44036,2.34
1163,4112.121,205.64116,-80.96915,-65.193054,2.07
1164,75735.83,262.44693,-106.40491,-64.892624,2.13
1165,28316.822,325.5398,-180.48969,-55.790012,2.16
1166,1062605.0,246.26239,-78.311295,-56.149605,1.31
1167,4250.3057,174.50699,-98.41073,-26.737806,2.11
1168,1298175.5,162.8674,-87.988976,-87.988976,1.81
1169,143666.88,211.73532,-80.20439,-14.390081,1.14
1170,22181.941,172.29488,-114.43968,-23.374033,2.22
1171,56861.164,261.76743,-168.3664,-95.68573,2.02
1172,110.41948,103.53517,-54.14404,-16.259073,2.33
1173,2342.3242,95.346176,-41.421852,-18.960365,2.4
1174,1817.4056,143.04323,-67.50134,-14.564331,1.41
1175,353.17493,243.88463,-142.39803,-25.51995,1.47
1176,32543.588,364.68863,-199.22769,-136.89488,0.76
1177,11516.556,157.23889,-94.368355,-28.849804,1.32
1178,112947.5,136.50218,-42.233727,-29.210476,1.51
1179,442.82584,186.4459,-82.37338,-41.828724,2.16
1180,178.61604,108.82275,-52.464973,-11.691675,2.47
1181,1219028.5,367.576,-234.80518,-18.491465,1.27
1182,21653992.0,1312.0343,-480.92624,-302.94495,0.59
1183,24884.273,227.98982,-89.21172,-81.50262,2.22
1184,15.538248,156.06995,-75.344376,-54.353714,2.25
1185,266.59448,94.809204,-53.32701,-43.289314,2.38
1186,10136.989,230.1923,-112.62392,-77.47637,2.16
1187,69674.36,230.52832,-110.63926,-85.76423,1.63
1188,8007654.5,695.3578,-266.18805,-85.94687,1.21
1189,638.0946,200.2571,-117.19235,-117.19235,2.28
1190,1585.9547,234.76059,-124.03405,-45.508224,2.1
1191,687.7262,160.29124,-96.09989,-11.652848,2.16
1192,19.784496,151.04126,-71.02705,-57.53574,2.12
1193,8178.357,279.91776,-114.731636,-49.005768,1.84
1194,403.598,241.58344,-118.61298,-2.9737256,1.74
1195,3864.3079,248.07521,-124.73306,-110.573944,2.15
1196,1617.9755,280.7221,-128.1508,-21.423244,1.98
1197,199.79263,232.59944,-133.03125,-64.51181,2.33
1198,1995.8518,350.10706,-164.72076,-164.05722,2.47
1199,6020.3027,202.86731,-116.66274,-17.040329,1.4
1200,811491.75,312.5843,-193.79883,-193.79883,2.16
1201,18.770948,165.90144,-78.36952,-67.02062,2.28
1202,695.1935,100.521095,-48.261826,-15.543864,1.98
1203,650475.44,236.14966,-147.855,-97.463425,2.27
1204,8022.9897,401.58817,-195.60553,-37.941597,1.57
1205,92982.91,254.6866,-94.627014,-32.692177,1.15
1206,7733.2603,186.60585,-85.47395,-85.47395,2.07
1207,12254085.0,755.10724,-317.13983,-317.13983,0.93
1208,25.221384,165.92822,-75.39648,-19.628452,2.36
1209,175.55232,305.45514,-163.1899,-111.19032,1.82
1210,497.29587,147.9877,-80.21306,-43.203796,2.07
1211,6706.4126,213.95778,-138.44324,-100.24293,2.12
1212,398.23697,95.428444,-52.717934,-9.102693,2.38
1213,677217.25,291.3124,-97.19076,-70.93857,0.53
1214,27.588755,162.93968,-81.31407,-58.17379,2.36
1215,119.035736,98.61302,-50.7281,-9.450893,1.76
1216,3701.5298,167.15532,-99.71955,-20.537544,2.09
1217,24.039795,162.16643,-77.14943,-42.60077,2.24
1218,11112.206,204.39996,-82.23582,-18.883884,1.67
1219,458.098,270.38788,-133.58047,-117.37879,2.29
1220,3736941.8,335.65182,-108.37,-40.55658,1.55
1221,978347.7,261.9193,-146.79378,-141.94786,2.22
1222,584.71967,111.87954,-59.049812,-6.483307,2.16
1223,49825.16,282.90213,-130.44012,-62.526928,0.51
1224,430292.16,313.97296,-178.81963,116.9506,1.54
1225,2196.3325,369.85516,-221.31104,-44.64305,1.74
1226,262890.53,242.32895,-92.757065,-38.298855,1.42
1227,83664.5,296.36002,-139.13148,-139.13148,2.11
1228,24.169987,169.06561,-75.83862,-51.003708,2.24
1229,596.4225,87.99089,-42.807434,-6.840599,2.0
1230,11139.874,201.46098,-110.14545,-30.258598,2.08
1231,126.49365,206.3085,-107.38191,-40.285053,1.98
1232,20.519272,168.19493,-78.299515,-61.87833,2.31
1233,2526764.2,294.77896,-166.32355,-102.03515,2.1
1234,50.935555,171.12523,-78.61808,-75.94634,2.3
1235,143.60654,266.78693,-146.14223,-14.398123,2.2
1236,93.87236,86.85056,-43.21427,-18.10953,2.15
1237,31.585833,160.48405,-81.07288,-52.16623,2.07
1238,26916.658,197.54396,-83.5027,-8.753523,2.02
1239,2217.8699,310.74347,-128.80641,-111.297005,2.44
1240,1443845.9,766.4245,-360.7674,-301.3536,2.27
1241,42.39845,194.58823,-89.58081,-54.130993,2.18
1242,490126.47,295.84073,-102.66173,-12.5489855,1.33
1243,261.85825,126.38773,-65.843475,-65.843475,1.47
1244,921187.6,316.17694,-129.60484,-63.529728,1.39
1245,26.840658,149.82617,-79.41293,-70.53371,2.3
1246,517.51495,109.87152,-60.747776,-16.932484,1.51
1247,41901.734,481.43344,-231.50557,-53.28914,1.89
1248,1117.4838,82.89811,-41.069077,-2.64231,2.37
1249,649760.1,320.2258,-111.732574,-10.282515,2.2
1250,1584.4725,137.23956,-76.27598,-21.238655,2.02
1251,35.401157,162.65062,-77.272484,-62.07166,2.23
1252,716.6816,229.48973,-131.84418,-25.111628,1.52
1253,419101.5,97.08066,-70.29075,-4.5421557,2.41
1254,135822.5,145.81648,-78.568596,-5.6185446,2.15
1255,220.8896,108.935,-54.827454,-4.2160234,1.8
1256,3016006.8,427.66235,-172.95139,-27.123672,2.39
1257,5535.449,215.82942,-92.58812,-13.2227,2.03
1258,28.65963,167.90211,-81.99621,-24.852493,2.2
1259,2129.482,151.74681,-66.60283,-22.48558,1.93
1260,31070.4,273.5567,-136.60045,-136.60045,1.99
1261,5696.9233,231.23659,-89.627655,-64.86157,2.15
1262,778.7246,277.93826,-176.3488,-130.36388,2.35
1263,8699.2705,200.87527,-101.48173,-101.48173,1.09
1264,2539.659,305.0843,-166.51817,-37.34522,1.48
1265,10909669.0,1265.928,-624.0757,-19.196846,0.26
1266,953331.1,115.88233,-46.71083,-22.517977,1.43
1267,237029.22,222.44116,-118.87291,-109.496025,1.98
1268,30547826.0,1896.5656,-894.56067,-894.56067,0.1
1269,284909.34,478.83942,-165.1361,-33.072716,1.84
1270,1465.063,270.83887,-92.77406,-92.77406,2.43
1271,10513922.0,1031.3723,-397.71323,-190.53009,1.29
1272,33720.43,240.21777,-100.12751,-35.186058,2.11
1273,1356.149,163.28593,-87.66875,-12.4232025,1.57
1274,3746947.5,623.2848,-293.9185,-14.683494,1.77
1275,20.149765,163.98454,-87.26103,-52.016766,2.16
1276,33784.086,416.86005,-265.22668,-163.95013,2.12
1277,2203.0684,112.564835,-47.657185,-35.52135,1.84
1278,628953.8,558.7511,-264.1096,-264.1096,1.62
1279,842.15466,215.20204,-119.041115,-103.82565,2.15
1280,73508.6,145.71303,-59.862553,-2.6087132,1.11
1281,118.888,212.29808,-88.15464,-74.3508,2.21
1282,4252.831,159.25784,-78.36253,-30.073662,2.16
1283,4277192.5,1000.3731,-377.41467,-9.346154,0.73
1284,837.42365,86.19991,-41.41514,-14.728094,2.17
1285,2215.3364,301.28363,-103.91225,-100.44713,2.49
1286,42286836.0,3345.3533,-1063.6316,-351.41864,0.69
1287,219845.97,252.44534,-135.01137,-78.12806,0.48
1288,1758731.4,256.01886,-152.5035,-152.5035,2.23
1289,2220.5562,214.00659,-114.82679,-79.80309,1.48
1290,357.01874,107.808784,-55.373837,-29.057522,2.35
1291,304.91177,175.35817,-74.15539,-42.76017,2.2
1292,712.4072,304.49652,-152.1035,-112.7554,2.46
1293,120.48389,220.67566,-106.038445,-22.272707,2.41
1294,3378.6685,187.89786,-90.97937,-62.647404,2.1
1295,5307.7427,365.33875,-156.73395,-37.113144,2.27
1296,1410333.4,555.70416,-293.6412,-52.48862,1.27
1297,412.69608,180.78223,-101.42663,-27.882042,2.25
1298,947763.2,218.66443,-124.8689,-124.8689,2.07
1299,26.927757,168.23392,-80.91109,-66.04883,2.2
1300,250975.4,105.92555,-48.53336,-3.3105693,1.95
1301,462.341,306.44043,-139.67493,-105.431076,2.02
1302,90.36829,214.69756,-119.131485,-119.131485,2.3
1303,18.982332,151.26506,-72.79556,-33.21155,2.15
1304,361.18546,255.68054,-153.54442,-153.54442,2.34
1305,30.523718,162.55728,-79.082146,-79.082146,2.2
1306,1947.9778,372.11386,-188.16881,-21.404072,2.04
1307,9163.26,434.45557,-216.5404,-104.84514,2.08
1308,23.315052,164.11992,-80.70664,-61.53884,2.15
1309,26.315376,162.68784,-82.44967,-22.097658,1.93
1310,5662.305,222.94917,-134.10883,-23.860214,2.24
1311,5759.6914,163.28786,-103.92914,-25.94506,2.18
1312,3646.885,511.01376,-270.11594,-148.02719,1.98
1313,217947.1,1050.7336,-474.63794,-343.1935,1.32
1314,1160.43,318.09048,-142.84566,-86.35574,2.29
1315,25.757074,160.75276,-86.54621,-18.240019,2.27
1316,5042.8823,187.88284,-114.06643,-17.223995,1.82
1317,43032.027,335.28442,-191.53044,-191.53044,2.15
1318,3936.9856,265.2752,-128.97675,-121.03981,2.09
1319,4787.07,250.46869,-144.1484,-36.444584,2.02
1320,36876.98,261.05478,-122.92255,-55.32556,1.85
1321,146122.08,86.78712,-48.488796,-13.779351,1.56
1322,437.15933,84.97886,-45.09004,-21.680424,1.75
1323,569.188,273.16925,-147.6845,-109.90054,2.45
1324,858.8903,187.38115,-75.92753,-49.07001,2.14
1325,50053476.0,995.1163,-330.50406,-80.048416,1.31
1326,238.92525,203.97418,-101.79416,-33.891186,1.46
1327,10462.14,241.7886,-122.96479,-78.55214,2.17
1328,28655504.0,365.75043,-89.696365,-10.606876,0.65
1329,469.09155,266.13733,-150.38951,-150.38951,2.41
1330,268.74548,95.31036,-51.51749,-2.1494658,1.98
1331,1333.0947,200.37758,-120.95391,-71.13542,1.45
1332,34.989525,224.05699,-122.031624,-96.088974,2.17
1333,1164.9514,265.98553,-143.61554,-28.328392,2.19
1334,470218.2,257.41983,-86.801796,-7.0251074,0.27
1335,1785.1675,145.65514,-83.09209,-43.49793,1.48
1336,7542.204,219.94293,-115.679,-4.286743,2.17
1337,83.68103,132.00969,-64.4628,-38.369343,2.18
1338,9258.035,224.38538,-115.11967,-114.85783,2.1
1339,1883.2749,146.80672,-66.18988,-11.013103,1.99
1340,213048.06,338.4564,-98.11618,-91.967926,1.63
1341,81.35062,110.73482,-57.480183,-23.094051,2.16
1342,3532.29,170.43707,-74.21716,-53.112823,1.82
1343,170542.12,288.19287,-115.73128,-115.73128,2.06
1344,586.7394,111.63294,-54.97329,-0.4656628,1.84
1345,10397957.0,1322.5073,-561.3735,-107.58444,0.15
1346,1335.1655,159.44698,-83.15621,-83.15621,2.1
1347,3365.1785,340.78128,-135.5934,-73.21032,1.98
1348,72716.82,328.95813,-105.676346,-4.5685177,2.07
1349,13934.599,312.49335,-136.71423,-0.49331936,1.82
1350,16663.621,176.82834,-112.75388,-0.7128954,1.33
1351,114.59457,89.42065,-43.99671,-7.884628,2.23
1352,5648.282,121.84462,-53.530766,-5.569623,1.69
1353,567.5511,285.1409,-147.04866,-117.230835,2.38
1354,455.4065,128.99126,-56.865593,-24.31628,2.2
1355,23.477991,168.67259,-78.50569,-29.475946,2.04
1356,190583.84,205.80147,-115.8405,-71.14271,2.15
1357,1401.7208,116.09443,-48.8419,-17.137058,2.16
1358,348.6225,115.96426,-52.48451,-39.086033,2.07
1359,20904.61,307.86902,-178.6849,-95.25013,1.46
1360,374.65146,156.94078,-75.71812,-6.4574366,1.8
1361,5778.646,187.24304,-117.44911,-39.703312,1.72
1362,468.48715,176.90959,-100.71504,-47.410652,2.42
1363,89.63368,248.41335,-150.48975,-150.48975,2.31
1364,214.62987,107.15594,-52.299927,-4.385846,2.06
1365,2804.5193,194.16081,-103.002045,-70.154434,2.11
1366,50536.38,241.12054,-103.320076,-4.669639,1.49
1367,109.02207,161.6534,-83.81565,-41.9407,2.17
1368,258.81696,109.94916,-56.277016,-21.65777,2.3
1369,1965.8904,152.97527,-95.0926,-41.54635,1.68
1370,52353.22,299.94217,-161.1929,-12.948139,1.83
1371,13481.892,396.28595,-195.8379,-75.481316,2.02
1372,84.28841,194.54155,-94.97026,-65.05861,2.06
1373,2607.9248,97.272446,-54.063038,-24.778328,2.28
1374,958.8491,120.75947,-68.66591,-29.582134,1.27
1375,702.20013,100.00699,-51.103607,-30.75863,2.1
1376,1577.0177,170.60371,-106.687706,-62.292786,2.14
1377,33.462284,174.7212,-88.8197,-75.40155,2.19
1378,16532.816,510.09296,-211.50635,-65.470314,1.91
1379,19824.29,164.81628,-107.43639,-107.43639,2.02
1380,1228.9545,104.66314,-47.255825,-11.036338,1.36
1381,345.34442,195.61105,-104.79439,-69.61007,2.09
1382,2001.2213,314.60785,-157.15842,-157.15842,2.46
1383,1007.7557,316.62372,-151.97954,-151.97954,2.47
1384,876.9518,74.14918,-39.21809,-11.229413,2.11
1385,18.248137,159.22893,-74.95395,-74.27301,2.23
1386,135.09897,117.20005,-56.9246,-30.51952,2.21
1387,1251.2019,179.92726,-82.73883,-6.650435,1.72
1388,306.85822,85.67214,-41.87376,-39.916103,2.0
1389,23.8955,164.7795,-79.0417,-76.62796,2.34
1390,174527.19,244.80225,-91.64554,-31.721682,1.97
1391,49415.094,214.47095,-91.765434,-42.759766,1.29
1392,352.36472,247.87164,-113.20545,-113.20545,2.45
1393,150.98749,104.79331,-51.672993,-28.467058,2.08
1394,2541.5889,144.21559,-56.783054,-12.564263,2.11
1395,22412.168,302.68433,-127.60306,-111.28121,2.15
1396,8210.157,371.427,-165.12636,-165.12636,2.47
1397,415.63672,123.49914,-58.64929,-58.64929,2.46
1398,39.08276,170.83401,-79.983475,-31.152561,2.16
1399,138397.58,463.20593,-225.08101,-168.64334,0.69
1400,6138027.5,402.62173,-78.8707,-63.066757,1.3
1401,90734600.0,1136.8975,-307.25287,-307.25287,0.29
1402,353696.4,298.93658,-106.56739,-106.56739,1.18
1403,3514949.8,816.7236,-312.86984,-163.29161,1.77
1404,9310.052,215.59737,-117.08557,-14.238858,2.1
1405,851.9199,126.985855,-64.65394,-29.06876,1.86
1406,17.96318,149.91243,-76.511154,-57.81217,2.21
1407,1893.8389,182.3373,-98.8143,-98.8143,2.08
1408,2254672.5,1071.9634,-455.58853,-416.26367,1.01
1409,1367092.5,167.7451,-83.6745,-83.6745,1.85
1410,23.81025,173.81538,-85.36566,-33.504677,2.26
1411,50149.848,284.95944,-117.621544,-117.621544,2.03
1412,4600.554,389.9288,-218.48933,-4.8494678,2.31
1413,1093.6503,64.31178,-31.970898,-7.3987527,1.96
1414,18772.201,240.2802,-126.24851,-126.24851,2.12
1415,42683.516,255.23253,-101.06488,-89.761765,2.09
1416,46650.895,253.32823,-165.18962,-89.15775,2.12
1417,949397.6,405.03995,-108.89909,-78.43246,1.58
1418,4307.135,305.3391,-185.532,-59.012646,2.07
1419,73721.8,270.86926,-147.85503,-110.883194,1.67
1420,247155.45,376.51675,-141.10533,-32.59952,1.31
1421,712.3837,301.6556,-163.53693,-97.65309,1.59
1422,30.101557,149.83577,-73.30939,-50.225613,2.28
1423,611471.2,312.21033,-111.012085,-45.41519,0.84
1424,282.31308,136.46985,-64.05542,-20.826143,2.11
1425,37034.97,204.7997,-144.98485,-101.48658,2.11
1426,278548.12,204.84006,-81.298965,-53.02043,2.41
1427,31490.574,263.6373,-153.68086,-153.68086,2.16
1428,442.349,94.7941,-52.606373,-19.132105,1.55
1429,827.37616,285.3801,-156.67216,-156.67216,2.37
1430,1208849.8,299.06155,-185.60257,2.6315238,1.32
1431,15273.43,226.23973,-122.44383,-122.44383,2.1
1432,187051.42,204.32738,-112.83631,-112.83631,2.06
1433,111.03541,123.23065,-60.55772,-7.3276663,2.27
1434,54362310.0,1243.3123,-375.81458,-375.81458,0.63
1435,21.70891,157.00783,-77.467354,-56.496536,2.15
1436,6708.737,213.19203,-101.29203,-101.29203,2.0
1437,30041.783,285.6657,-141.45966,-106.73875,2.12
1438,26.213396,171.63113,-78.16752,-39.828213,2.11
1439,731148.75,324.48373,-137.16133,-43.495026,2.28
1440,1381.5349,139.17152,-78.665344,-14.06641,1.69
1441,133781.03,302.49997,-189.27307,-108.50984,2.0
1442,55254.5,261.8018,-129.52605,-118.60687,2.36
1443,63976.836,402.715,-244.04745,-107.38674,1.28
1444,23.164028,157.8559,-81.18077,-69.87723,2.1
1445,1958.6359,110.35891,-63.417408,-6.019638,1.81
1446,1378538.6,313.77896,-93.908005,-28.848618,1.71
1447,3939.89,380.90063,-171.35632,-95.882286,1.91
1448,352242.56,246.12398,-114.94323,-85.07415,2.02
1449,2158.4863,236.8819,-139.46684,-119.932594,2.09
1450,1310.8152,295.8409,-154.61658,-154.61658,2.47
1451,22.3769,157.89485,-78.66778,-54.852474,2.24
1452,160394.62,361.7825,-151.41231,-73.605606,1.26
1453,465.90433,124.87145,-70.782814,-19.833334,2.09
1454,725293.1,205.48074,-100.982925,-32.343704,2.23
1455,144.68277,99.69932,-51.038677,-15.510626,2.05
1456,34861.863,196.0656,-75.88929,-50.8114,2.27
1457,125.86309,98.02689,-48.547474,-22.916733,2.12
1458,2727.0784,225.28958,-113.62742,-113.62742,2.13
1459,265.38986,249.83563,-104.39086,-104.39086,2.37
1460,199567.02,236.77754,-122.41753,-35.271015,0.71
1461,104948.17,180.08224,-57.462345,-23.5645,1.59
1462,13868.076,224.26695,-84.85103,-45.40776,2.02
1463,10236.204,288.0169,-127.91322,-36.081734,1.65
1464,52132.652,283.4381,-177.16933,-149.3167,2.22
1465,399.37103,130.12755,-67.67051,-30.532207,2.2
1466,2901446.2,218.83385,-109.62022,-17.197962,2.11
1467,1164957.8,245.49197,-183.93773,-92.761024,1.34
1468,618.765,134.22733,-76.23011,-6.227841,1.83
1469,18465932.0,1001.5458,-334.41797,-307.71338,1.51
1470,216.12352,245.72847,-126.228424,-126.228424,2.25
1471,8084.054,167.29124,-70.49076,-3.1845806,1.9
1472,112.39177,150.85146,-73.858475,-73.858475,2.14
1473,194.0468,99.932846,-50.9945,-22.303087,2.14
1474,888.54565,383.37628,-200.07695,-40.14218,2.31
1475,744944.4,272.8843,-171.31093,-171.31093,2.01
1476,1992.4658,152.12593,-94.76804,-94.76804,2.12
1477,3334.7124,216.365,-90.29112,-90.29112,2.03
1478,407.3711,77.727,-42.67565,-25.386202,2.44
1479,294.37903,108.999176,-48.944958,-31.296999,1.96
1480,5475575.0,863.37256,-436.40677,-301.0392,0.21
1481,1666.5565,91.37224,-52.564053,-39.43382,2.4
1482,394787.06,721.34845,-377.58594,-377.58594,1.59
1483,254804.84,405.1737,-162.70168,-49.488,1.49
1484,59358.895,277.72864,-110.529884,-110.529884,2.12
1485,1432488.5,281.44507,-127.3353,-127.3353,2.26
1486,1707.5801,113.09546,-64.981895,-6.5055013,1.88
1487,4544.1934,206.87778,-105.715,-32.66215,2.07
1488,201597.97,260.8623,-181.4576,-20.368484,1.37
1489,85566.31,144.39655,-89.465706,-2.2894683,1.22
1490,770398.6,252.06569,-110.49846,-85.32196,1.12
1491,8396.411,215.45564,-111.559555,-15.2960005,1.94
1492,48838.273,275.2116,-88.79311,-88.79311,2.19
1493,2930.3762,162.79066,-92.82118,-20.037552,2.14
1494,21.801836,161.3743,-80.91343,-70.53261,2.22
1495,113.82536,229.51395,-116.23747,-34.924244,1.37
1496,1238.4684,81.64701,-36.9401,-9.497,2.1
1497,56.812202,240.67111,-118.40831,-118.40831,2.25
1498,11421.812,300.77908,-150.06288,-8.709652,1.88
1499,6068.1357,224.29973,-131.96066,-72.46659,1.82
